geoid,year,"% speaking other language at home, age 5+",% female-headed families with children,"Median HH income, blacks","Median HH income, Hispanics","Median HH income, Asian/ Pacific Islanders",Per capita income
6073000100,2000,12.78521365,3.796109665,18682.49868,81324.20465,89227.97016,80993.21845
6073000201,2000,15.52473274,9.128977645,106590.397,63614.58415,52501.31697,51661.75613
6073000202,2000,15.52473257,9.128978354,106590.3992,63614.58175,52501.31848,51661.75562
6073000300,2000,16.05937922,7.601351351,56977.34282,60357.35469,33816.94297,50858.83155
6073000400,2000,16.01269475,7.988980716,53136.54567,54494.0688,45822.31825,43609.05101
6073000500,2000,11.79245283,12.71929825,29316.42942,46216.48873,56218.56465,51570.70344
6073000600,2000,16.46979413,11.19592875,48285.88375,49550.9739,72198.89284,39097.76987
6073000700,2000,11.83390077,5.352858639,62725.74972,46668.35195,35446.64288,46921.10303
6073000800,2000,22.66477003,13.25301205,35639.121,48630.78292,41962.73231,34895.51839
6073000900,2000,34.26885949,25.59652928,31715.54804,31903.17319,33800.11862,23871.16133
6073001000,2000,27.64753436,19.7740113,40571.17912,48183.79359,52597.12337,28321.74021
6073001100,2000,24.52465356,20.82616179,54379.56228,33124.11625,42077.6987,28817.01542
6073001200,2000,31.43059741,27.35507246,39370.93001,33034.44247,51734.87544,21714.85172
6073001300,2000,34.22874094,25.87719298,41797.64057,39063.27995,57483.19494,23084.79122
6073001400,2000,26.53061224,17.09265176,30491.84579,48810.13049,30609.8013,32430.17912
6073001500,2000,28.95261845,20.51915946,30696.0261,36214.41281,56848.89761,28957.73428
6073001600,2000,48.26967026,30.60240964,31852.12811,35652.91696,36036.0167,19079.82206
6073001700,2000,33.79450661,26.31058358,38842.54448,31836.95255,23326.07542,19946.20878
6073001800,2000,35.25743524,29.9512987,40506.33808,30650.49941,47815.5667,22680.5694
6073001900,2000,18.43177189,10.30769231,43112.3962,48501.10083,59552.58996,40727.07355
6073002001,2000,10.96754808,4.022346369,-9999,140041.4792,144592.3442,70596.72123
6073002002,2000,16.26338754,6.890130354,27400.16963,68732.88612,33052.83709,47055.28351
6073002100,2000,40.73013601,24.02826855,28070.65362,38068.59075,19882.42273,22897.16607
6073002201,2000,65,29.77941176,33012.36892,28971.53025,13698.81209,10769.13167
6073002202,2000,68.92610837,24.06563355,28349.33215,24903.09964,25762.92282,10535.97983
6073002301,2000,58.22481151,22.47706422,35524.61447,29454.38909,26223.28607,17162.18268
6073002302,2000,69.50365181,25.07062147,21254.06643,30210.40807,26199.07155,14706.50059
6073002401,2000,60.03292658,26.63274171,45167.99364,29135.70145,64220.22841,15098.30602
6073002402,2000,69.67855743,24.97704316,25497.70581,26413.75801,32873.20211,9977.243179
6073002501,2000,63.74527286,20.62463739,47422.37867,33954.08241,31844.53161,13795.02515
6073002502,2000,42.53502063,21.53729079,44261.60188,49395.07999,51558.00454,20493.90878
6073002601,2000,70.0937561,20.26604105,30627.0451,31003.67654,41653.2085,11541.70563
6073002602,2000,65.20038089,24.7136368,29004.02833,44054.31669,26117.62379,19436.90507
6073002702,2000,28.87994918,17.76859504,42595.04745,52242.56702,30849.31462,25729.47805
6073002703,2000,35.79959671,18.3604336,45268.70581,49148.13167,49941.39976,21618.27995
6073002705,2000,46.1311717,11.77083333,59322.65718,58632.85884,53906.4628,21309.2503
6073002707,2000,68.94832276,25.56943424,22806.11269,28009.95136,30314.82175,12732.29775
6073002708,2000,65.96644579,28.31737346,20866.39976,23557.99288,33455.21945,9875.153025
6073002709,2000,59.35422602,27.69953052,26503.43179,34876.20403,56135.31312,11432.71767
6073002710,2000,61.37997125,23.90011891,26976.63345,27400.16963,37736.0268,11961.1032
6073002711,2000,37.70998127,19.0476195,41570.00531,36214.41162,40386.58143,20611.1742
6073002712,2000,37.70998143,19.04761842,41570.00628,36214.41343,40386.57946,20611.17347
6073002801,2000,19.75635593,3.098591549,83351.09253,20223.50771,54198.44095,22080.44484
6073002803,2000,33.25991189,15.84800741,39663.40451,31327.88138,18805.21663,25413.55042
6073002804,2000,20.95153004,8.114856429,26442.72954,39663.40451,33176.01537,24918.27521
6073002902,2000,21.20984606,14.90032734,49293.48485,45822.83918,83413.05381,29290.07898
6073002903,2000,29.64160604,12.96703297,80103.52195,45242.49348,79013.26431,24089.1376
6073002904,2000,19.34665871,8.536585366,25148.66785,42767.49703,32026.35146,19703.39976
6073002905,2000,20.28804897,13.89059195,28835.45355,49766.65783,37476.89133,26414.23344
6073003001,2000,28.91353668,19.87179487,59064.6726,55643.27284,64381.17834,22085.96323
6073003003,2000,31.16856256,14.05975395,74153.32147,67255.33808,46865.7107,23603.51957
6073003004,2000,59.04841055,21.57057654,50385.62989,43517.99763,38940.22883,13778.03203
6073003101,2000,30.12372243,23.74701671,53307.61566,50872.62752,75877.81732,17821.62989
6073003103,2000,34.92450073,16.07530775,67309.14235,56866.97509,58140.14573,18776.31079
6073003105,2000,44.94840413,15.00547645,63691.83986,47372.59075,75250.72793,17024.22301
6073003107,2000,38.94395079,10.2281089,68742.5433,62426.7497,76206.29272,23066.85647
6073003108,2000,34.27103057,11.32286996,63806.34638,80189.05694,74399.67802,21082.99644
6073003109,2000,60.64324154,8.231338531,69101.08785,68423.15625,90749.91034,20867.28322
6073003111,2000,50.9699321,26.9470405,35557.72479,38344.51008,64381.17834,13915.9917
6073003112,2000,47.36842105,16.63286004,56269.60973,41805.91815,84575.27465,17324.97509
6073003113,2000,51.1576845,10.19088274,80454.17984,60980.01112,82531.26938,18833.87564
6073003114,2000,49.24284913,8.723958333,80110.41993,62848.90629,93344.4967,21815.56228
6073003115,2000,54.01310998,20.14925373,34803.08541,74153.32147,83331.34299,18155.49229
6073003201,2000,47.29297642,10.33574508,50386.55168,50725.37457,65658.78731,19240.19953
6073003202,2000,53.81570266,11.56648452,90643.64057,58632.85884,69439.69948,22190.81257
6073003204,2000,41.50883838,8.038976857,81913.55279,76319.28826,81242.91551,30163.50178
6073003207,2000,34.78642995,10.73298429,68309.34994,74645.83749,85597.70302,37173.2325
6073003208,2000,46.34247714,18.1315644,69775.86121,50614.64294,71525.51828,22508.11981
6073003209,2000,44.7358631,19.03703704,58089.29775,51107.15896,66157.93162,22843.3618
6073003211,2000,42.85714286,13.08900524,59016.38671,73769.79359,65530.84223,21136.80071
6073003212,2000,41.92203972,10.84210526,66297.89798,77861.67734,75577.905,24498.87782
6073003213,2000,54.48703745,8.300395257,80804.35706,72536.43416,110552.5017,26039.88731
6073003214,2000,34.58225573,16.50983617,76855.95399,58374.87517,74646.03376,24238.13505
6073003301,2000,59.28019036,30.27027027,36429.62989,44125.02017,43896.25796,13606.96204
6073003303,2000,58.2942313,27.83641161,31040.92527,28567.30842,21556.1981,10494.59193
6073003304,2000,51.29938652,30.62977022,29542.68287,31522.4047,48094.27434,13144.79707
6073003305,2000,51.31622542,30.59283668,29550.46361,31582.47201,48195.68383,13156.2506
6073003401,2000,32.98811545,16.54186521,49822.75445,49455.78173,66105.67418,19991.73547
6073003403,2000,62.6984127,21.85730464,30244.89798,41185.09964,35441.36295,12357.04745
6073003404,2000,64.79508197,24.1617357,27513.29656,33940.83749,44960.07032,10141.41518
6073003501,2000,62.99581178,29.79452055,24718.23369,27287.0427,23157.51568,12595.71767
6073003502,2000,63.70290635,22.19827586,26622.07711,33444.18268,93918.69697,13517.28826
6073003601,2000,67.24937567,19.53818828,21948.00356,34351.9573,58632.85884,11962.4828
6073003602,2000,65.74933687,23.57859532,58385.91103,35219.72361,42955.62386,9883.430605
6073003603,2000,75.3101145,23.39707537,48142.40569,33589.04033,67830.17003,10505.62871
6073003800,2000,22.734276,-9999,-9999,-9999,-9999,23752.51611
6073003901,2000,64.73889702,22.71016311,25137.63108,33698.02847,-9999,12260.47568
6073003902,2000,69.08231587,24.7,27591.93357,32334.98695,12263.08159,10824.31554
6073004000,2000,67.55361398,25.1059322,30229.72242,31963.87544,61047.15302,10271.09727
6073004100,2000,59.65480098,20.90012358,38314.70318,32921.62273,62363.84443,17071.09038
6073004200,2000,25.15948729,13.12066106,52280.56295,51132.40669,74334.57452,32990.84321
6073004300,2000,26.05374078,15.05791506,39910.35231,35098.3191,53650.98194,34469.22301
6073004400,2000,30.47078332,17.31562878,49780.40187,36064.93688,64840.83616,28567.45965
6073004501,2000,57.68908736,21.82890855,52453.64531,34691.33808,31040.92527,19016.36062
6073004600,2000,46.99693117,20.04950495,20521.50059,29808.94543,25621.08117,22665.39383
6073004700,2000,66.48155494,28.92561983,21601.72479,27016.64176,17628.17978,9232.260973
6073004800,2000,69.4059201,24.89270386,21489.97746,28964.63227,-9999,9083.264531
6073004900,2000,73.65376945,22.4952741,24028.43535,32838.53974,107780.9905,10555.29419
6073005000,2000,82.79835391,25.30864198,22418.44603,33002.71174,27591.93357,11416.16251
6073005100,2000,35.625,23.48484848,14912.0605,21663.80664,177623.0724,14265.02966
6073005200,2000,26.51573292,11.71171171,22418.44603,26384.78648,22354.5758,28614.21471
6073005300,2000,32.83798478,5.519480519,37816.12456,16382.71056,12962.14462,30814.67141
6073005400,2000,19.65425532,4.107142857,52424.67378,15426.65006,34489.91696,62280.51246
6073005500,2000,32.1294811,8.808290232,17072.50982,20447.00279,19910.0889,35099.4015
6073005600,2000,26.04756545,8.80829038,17072.50899,20447.00215,19910.08793,28302.42507
6073005700,2000,28.05755396,13.41463415,29924.83155,30958.14947,35256.35957,24170.53381
6073005800,2000,46.83257919,17.56756757,49435.08778,36417.21352,29316.42942,25606.69395
6073005900,2000,23.22957198,8.192090395,41785.2242,41387.90036,50585.21155,34535.44365
6073006000,2000,17.77914488,6.172839506,56908.36299,45268.70581,88983.98577,50291.81732
6073006100,2000,37.03857321,11.39240506,66565.53974,33532.47687,33997.20386,40131.08778
6073006200,2000,32.14285714,0,-9999,-9999,-9999,43618.70819
6073006300,2000,24.16452442,0,-9999,-9999,-9999,14463.69158
6073006500,2000,20.31077854,11.14166861,18711.14963,28233.08383,30502.39058,32282.5931
6073006600,2000,22.8429212,6.86456428,44729.28299,49262.63747,38801.15726,14949.3094
6073006801,2000,19.3638171,18.77256318,32094.93713,29316.42942,36998.27456,38497.64531
6073006802,2000,22.10922303,16.44682476,50010.08829,70488.01011,30696.404,34021.54648
6073006900,2000,9.910610183,7.675276753,94847.27165,85879.89324,82245.18661,50493.23843
6073007002,2000,12.2634222,4.812131058,83022.74699,124989.1226,82056.91788,56070.54296
6073007100,2000,10.58324496,3.689759036,-9999,86800.08422,67063.72743,71334.80546
6073007200,2000,8.692380056,4.081632653,-9999,107658.2064,60702.25386,44301.60854
6073007301,2000,12.11583924,10.41162228,18969.45433,51087.8446,91489.04289,36106.80427
6073007302,2000,10.63727839,5.215827338,-9999,131512.8126,93122.7758,53517.31435
6073007400,2000,13.44160866,13.19587629,71443.79359,35593.59431,72878.69411,34892.75919
6073007501,2000,11.45909201,17.66612642,48038.93594,52648.16845,60224.70115,29149.49822
6073007502,2000,12.71401395,14.98973306,26729.68565,43582.83867,52597.12337,32649.53499
6073007600,2000,12.92243426,8.359258754,44589.68501,22112.92947,33457.25179,45284.8088
6073007701,2000,12.24599623,5.000000406,90490.50608,70704.32743,56281.27208,50934.71059
6073007702,2000,12.24599678,4.99999959,90490.50459,70704.33215,56281.27511,50934.70814
6073007800,2000,25.29460554,12.36842155,71889.40175,37740.24726,63022.48292,27952.00726
6073007903,2000,12.76155431,9.546925633,24789.97196,52205.31824,82775.79728,38218.96709
6073007905,2000,13.73456759,6.240000343,43716.65955,55858.49037,45039.77391,41474.81598
6073007907,2000,18.36559964,9.282700622,243330.5106,38678.3712,80189.05686,36262.69965
6073007908,2000,18.36559898,9.282701022,243330.5053,38678.37147,80189.0573,36262.69861
6073007910,2000,13.73456787,6.239999874,43716.66064,55858.48997,45039.77504,41474.81413
6073008002,2000,11.04721672,5.974079784,39244.70755,59615.55692,77916.74383,48449.17182
6073008003,2000,12.455882,7.602338682,63159.31435,48285.88408,59322.65711,46915.94429
6073008006,2000,12.45588196,7.602338898,63159.31522,48285.8827,59322.6562,46915.94365
6073008101,2000,18.55847021,11.36094675,15520.46263,52191.52195,75877.81732,62773.02847
6073008102,2000,14.92811257,4.615384615,26634.49348,52205.31791,135085.5081,79321.29063
6073008200,2000,20.8675649,6.055646481,32765.42112,47998.92764,120714.7094,77696.12574
6073008301,2000,13.50411159,2.742857121,81051.30217,91398.28045,128474.9382,63236.57515
6073008303,2000,24.93491467,3.326996198,-9999,156380.0427,178720.4787,111874.2539
6073008305,2000,41.28453039,8.418367347,38801.15658,85649.50059,27540.45609,9720.638197
6073008306,2000,20.46632124,3.657262278,236971.9419,67255.33808,130933.944,49015.69039
6073008307,2000,15.64607499,5.653021442,36214.41281,138608.0783,89673.7841,55052.80546
6073008310,2000,24.25474255,2.684563758,-9999,140394.656,106056.4947,87691.30368
6073008311,2000,27.09149163,2.520045819,141083.0747,166191.7343,140833.8276,100219.4211
6073008312,2000,18.79145744,2.922823032,32984.95174,22156.89333,118251.367,93334.84056
6073008313,2000,27.28106373,3.924646782,111040.9775,117874.1198,61736.95136,81868.0261
6073008324,2000,16.89003503,5.351997235,44369.42864,104603.1059,140725.0597,75318.94144
6073008327,2000,21.15653041,8.616780045,154906.6335,67994.8019,118930.7481,63575.95374
6073008328,2000,16.98602651,4.41288391,-9999,185519.081,218389.5854,92299.59078
6073008329,2000,19.49700046,18.87159533,117940.3405,76661.42823,76074.90255,54389.21945
6073008330,2000,27.27942531,11.64522681,77602.31317,130187.0202,140682.556,57705.76987
6073008331,2000,19.3422083,10.72961373,-9999,119980.7639,182303.8467,51467.23369
6073008333,2000,25.21332232,6.865671642,62081.85053,86092.35113,181072.0641,69724.81613
6073008335,2000,27.95669317,3.487486314,106146.1639,110873.7673,129337.3183,38146.29308
6073008336,2000,15.47244094,4.335260116,207611.3654,85937.8363,107449.3567,39517.16726
6073008337,2000,26.48892777,5.364626774,149556.5575,141290.0211,101809.1287,36513.78536
6073008339,2000,36.21468927,6.722689076,36214.41281,36214.41281,22849.56999,30226.96323
6073008340,2000,29.51867722,5.551973484,105645.6329,69983.59642,94604.11873,60043.07126
6073008341,2000,31.39467593,4.620462046,275920.7153,56000.58837,68290.03559,54092.60617
6073008343,2000,44.57862282,14.65648855,68332.80308,30377.33926,53459.37129,28764.59075
6073008344,2000,21.14399601,6.928645057,141083.0747,67470.55433,108956.7788,43654.57777
6073008345,2000,23.14670003,6.273525721,25867.43772,89328.88493,63288.99763,50738.80664
6073008346,2000,36.3657354,2.739726027,-9999,108583.9158,118015.4985,53332.4484
6073008347,2000,36.0911271,6.457680251,123527.707,93369.72361,105825.6195,34630.63582
6073008348,2000,42.98428328,6.5830721,85163.88256,83853.26572,98881.09237,33611.11388
6073008349,2000,42.56906077,7.710280374,96448.98339,82528.85291,78851.08602,28669.39858
6073008350,2000,47.82145034,7.00843608,75877.81732,60357.35469,84625.92208,31103.00712
6073008351,2000,44.3221831,6.040268456,66135.10558,96166.16607,84385.33017,28003.05338
6073008352,2000,41.55695478,9.541062802,76453.10913,99637.23132,85978.43586,28650.08422
6073008353,2000,32.65817901,6.034482759,99281.29537,107520.2467,104928.9397,30795.35706
6073008354,2000,37.88175411,6.045156591,92165.33571,104472.7177,120024.911,43072.3879
6073008355,2000,45.02836668,5.056890013,96414.49348,102499.8944,95832.69784,31045.06406
6073008356,2000,34.7545582,8.936651584,64668.59431,63231.05457,73261.34087,32604.0083
6073008357,2000,49.00856242,8.442776735,72428.82562,64381.6382,78422.15546,29453.00949
6073008358,2000,43.84458673,9.051456913,98296.26335,53731.15184,85462.03462,25544.6121
6073008359,2000,38.25547207,14.74269819,49665.48043,44147.09371,56233.56027,29166.05338
6073008360,2000,40.61813883,11.49751597,63806.34638,66601.40925,90150.77232,28692.85172
6073008361,2000,32.36167812,8.426965892,37025.61636,85403.93034,49665.47821,51841.1053
6073008362,2000,32.36167896,8.426965747,37025.61455,85403.93266,49665.48124,51841.10643
6073008363,2000,37.47814582,6.618962519,94560.31486,80476.01486,53390.39249,38043.75762
6073008364,2000,37.47814735,6.618962384,94560.31622,80476.01444,53390.39044,38043.75623
6073008365,2000,31.68080108,4.248229904,117265.7177,151457.6437,136881.8625,42465.36528
6073008366,2000,31.56370682,4.229785348,116510.6736,150596.9107,136652.2958,42329.72269
6073008501,2000,19.46985253,9.782608696,244686.6465,76644.87307,78000.27375,36821.43535
6073008502,2000,25.69021993,11.01895735,31385.82444,57770.61091,47618.33697,30534.61329
6073008503,2000,21.46822203,8.948043907,90104.57732,51429.69708,62531.72468,39041.04054
6073008504,2000,19.47751323,9.25684485,46346.17082,56046.11507,97557.19369,31344.43654
6073008505,2000,29.43784359,10.21542738,51159.58363,66772.47924,66297.28484,27420.86358
6073008506,2000,30.34607438,10.03070624,50010.3796,54080.1898,52796.10366,27775.41993
6073008507,2000,31.44121365,12.42759347,43974.64413,40658.09371,55822.5693,25260.41518
6073008509,2000,31.37996219,14.51990632,41230.62633,35760.5255,54198.44095,28921.86477
6073008510,2000,28.7025888,10.96491228,31040.92527,43759.42705,61315.40793,29941.38671
6073008511,2000,17.33887532,10.53274764,66756.92535,57293.5048,105635.1124,24531.2785
6073008512,2000,15.96457635,5.593803787,6528.251483,85413.58956,87551.32767,40471.84816
6073008513,2000,13.71514695,7.557354926,94732.76512,61736.95136,90300.8735,38465.91459
6073008600,2000,59.98596491,16.07387141,45052.10913,41963.19217,40071.01262,17462.93476
6073008701,2000,19.78396816,5.48696845,67891.33215,37399.48636,33603.03339,21844.53381
6073008702,2000,28.41616099,12.82269076,71432.78753,52357.89897,65816.03664,26969.38071
6073008800,2000,58.41467022,14.14835165,58919.81495,44291.95136,50428.43919,18688.01661
6073008901,2000,32.85714286,7.74263904,54321.61922,40095.21827,46826.69495,42255.66667
6073008902,2000,18.20860292,6.069363848,56621.40797,94560.31492,63231.51292,48714.94
6073009000,2000,45.03781824,18.46326282,31296.99858,35330.12079,55783.2257,26120.58032
6073009101,2000,12.64584117,7.872340426,33750.45314,62513.66429,92088.07829,41747.97509
6073009102,2000,21.84154176,16.48351648,22418.44603,37393.96797,33627.66904,34474.7414
6073009103,2000,14.66950101,5.907254894,241912.583,55889.35674,67289.12897,41991.17114
6073009104,2000,11.44044194,6.009093547,137684.7745,72958.47238,99758.678,41215.74227
6073009106,2000,19.58318351,8.626458735,25884.32414,37655.81081,47354.90592,22050.54808
6073009107,2000,19.38898972,11.92982456,48070.66667,44900.3535,51591.16745,34932.7675
6073009201,2000,19.65768343,11.39990715,46579.28021,36232.07347,52335.82845,19636.03517
6073009202,2000,14.65327895,5.733944954,54169.86358,61924.57651,98766.58039,31962.49585
6073009301,2000,19.48252688,13.33470651,63871.30403,60882.09359,49743.36772,28866.05777
6073009304,2000,24.24745692,7.553551297,80706.40569,42767.49703,52309.7074,44671.34045
6073009305,2000,23.56379899,9.840546248,84265.76798,79696.54081,83904.56369,41901.11127
6073009306,2000,23.56379937,9.840546768,84265.76645,79696.53895,83904.56163,41901.11111
6073009400,2000,19.11015037,3.717471992,64903.12704,51907.32606,43510.35766,18630.07308
6073009502,2000,15.93068822,8.016031447,69607.55042,61736.95324,71279.15909,40162.81806
6073009504,2000,10.98837717,3.84047729,45830.37388,132391.5413,115343.085,66130.63281
6073009505,2000,22.42059422,7.194193726,142851.3664,90487.23648,109133.4331,50528.16712
6073009506,2000,17.81235485,11.85064935,93266.25386,55615.6809,61676.0868,42574.3535
6073009507,2000,14.49105309,7.252747253,96188.23962,97649.2325,107650.3469,48048.59312
6073009509,2000,19.25409339,3.835227273,99373.72835,51543.11151,54992.25649,48690.10558
6073009510,2000,10.01697812,3.792134933,58427.30049,44057.41878,55471.28252,13478.65941
6073009511,2000,10.01697773,3.792134727,58427.29733,44057.4211,55471.28372,13478.65969
6073009602,2000,11.03000811,7.36629667,75138.3535,51447.91934,69385.59766,33278.63108
6073009603,2000,20.76820009,13.32398317,47638.85291,50800.88849,44523.34735,36459.98102
6073009604,2000,15.48989114,10.55684455,55316.30842,63375.91222,76644.25992,31859.0261
6073009703,2000,11.50391191,6.707946336,63461.44721,77289.14472,137959.6679,31514.12693
6073009704,2000,18.77625571,5.961538462,84787.25267,109080.5706,97434.01542,42850.27284
6073009705,2000,14.85298575,5.925155925,51412.04982,83925.00474,112546.0448,49323.34045
6073009706,2000,18.55791195,4.005870364,75914.54431,118943.4729,89160.26395,62039.5017
6073009801,2000,13.86712908,6.263059068,79780.29141,85724.86299,185920.231,44240.6302
6073009802,2000,19.05932765,10.63759392,68637.84468,68964.68979,43307.40345,30616.45827
6073009804,2000,16.75807449,6.704304721,124606.5511,76567.61442,80341.21834,37755.42338
6073009805,2000,13.47831938,9.177153148,72178.09107,57943.49863,89067.78092,42934.17418
6073009901,2000,25.74750831,0,-9999,-9999,-9999,33504.88493
6073009902,2000,-9999,-9999,-9999,-9999,-9999,0
6073010001,2000,59.43734015,9.825327511,49435.08778,63167.59312,86833.438,20051.05813
6073010003,2000,56.14292707,10.50698016,61611.40807,72946.17438,92146.64608,20434.586
6073010004,2000,67.92913867,10.71080818,65147.31435,63667.00712,91589.8906,19733.75089
6073010005,2000,80.82543978,24.39478585,67542.29419,30982.98221,72428.82562,13993.24911
6073010009,2000,74.88781498,27.5,14945.17082,33576.62396,46315.03135,11781.75563
6073010010,2000,65.98084427,14.78658537,86608.32028,49647.54567,82775.80071,18322.42349
6073010011,2000,57.82366958,15.47479484,73888.43891,63087.57651,76027.77348,18838.39265
6073010012,2000,78.27513476,20.71428571,41634.84816,35430.8019,75111.37471,13849.77106
6073010013,2000,86.53326122,25.671406,-9999,26322.70463,-9999,9895.846975
6073010014,2000,23.39427529,3.978779676,101422.428,106593.1535,95908.49851,20609.79594
6073010015,2000,83.16230614,21.56328899,101422.4259,40821.55216,65573.20094,13008.33583
6073010103,2000,55.2583009,19.21296202,36214.41281,40338.02606,47596.08691,18276.89618
6073010104,2000,39.02165787,7.822608078,43119.15438,64150.07495,52929.84699,26826.20125
6073010106,2000,72.68755935,22.55520505,75675.01661,43443.49941,128553.3269,14709.25979
6073010107,2000,64.49967084,14.24581006,54713.42467,48565.94187,88097.10219,18365.19098
6073010109,2000,69.40337496,11.69013548,59667.44922,64615.53917,88583.73781,20955.63293
6073010110,2000,58.08522262,15.68855317,43407.62989,42879.24437,85092.28768,21452.72835
6073010111,2000,71.85897436,25.46296296,117940.3405,44377.48636,87551.32767,14136.72716
6073010112,2000,65.11675097,27.49371223,53212.42386,35825.3667,65530.83983,13256.54385
6073010200,2000,20.85160457,15.0244458,85614.7497,49580.94999,75367.23756,26317.05358
6073010300,2000,34.06624573,15.27826811,56185.61892,56395.39775,81105.89821,23873.31887
6073010401,2000,47.24473258,26.9681742,36386.8624,38267.25267,25522.53855,15934.34164
6073010402,2000,47.02319155,23.75809827,36099.90772,41172.6833,54918.55939,22984.08142
6073010501,2000,31.75763895,14.2486677,3447.61217,41771.68968,59782.52119,23525.01681
6073010502,2000,41.71934418,24.34259837,44377.48607,38561.10573,54434.08718,16599.3071
6073010601,2000,26.02789861,4.024713567,34004.23735,240430.8417,50638.3362,71259.0885
6073010800,2000,6.412825651,11.6519174,15520.46263,46561.3879,101400.3559,49134.33571
6073010900,2000,8.389786347,6.032906764,84500.29656,80476.01305,75877.81732,64959.68921
6073011000,2000,11.69757489,8.217054264,77602.31317,111406.5706,72812.04693,48266.5694
6073011100,2000,11.06655974,11.19842829,83351.09253,75447.38316,84155.39739,48564.56228
6073011300,2000,24.76816074,0,-9999,-9999,-9999,24823.08304
6073011601,2000,72.76979619,23.58757062,23759.414,33956.01305,44836.89205,12114.23843
6073011602,2000,65.82426977,20.63074908,16461.34802,40026.24013,49665.47932,15876.39818
6073011700,2000,71.02864583,19.81664316,27816.80783,31574.82918,38123.67607,16773.13642
6073011801,2000,74.88607742,18.49315061,56908.36299,37195.30577,59063.98178,14255.37208
6073011802,2000,66.7953668,23.14439946,22043.19573,33372.44365,36214.41281,13652.48873
6073011902,2000,60.14275049,11.30418192,55681.11565,62851.85156,66728.86739,19162.5989
6073012002,2000,68.65367839,23.0964467,16752.44247,34720.30961,35968.05626,14771.34164
6073012003,2000,60.97736595,14.15192426,46657.61878,64710.80198,48928.30369,16920.75014
6073012101,2000,60.58394161,15.01014199,60357.35469,40525.65243,70197.12511,18700.43298
6073012102,2000,71.16760468,17.81189612,67457.89301,52139.14828,46302.78925,14638.47839
6073012200,2000,51.30909301,16.09195439,53459.37313,42997.8904,76740.06524,17665.73568
6073012302,2000,47.50337382,17.32954545,96715.24555,31730.72361,29316.42942,27732.65243
6073012303,2000,33.69379624,12.95597484,57155.31079,76381.37011,67324.31791,31024.37011
6073012304,2000,37.77108434,13.28828829,22418.44603,54918.98458,19256.8703,33033.06287
6073012401,2000,46.20724095,20.20369046,51040.73707,40180.58055,47630.97713,20485.36095
6073012402,2000,49.83543078,22.11838006,42345.34045,35777.08066,40928.0348,19532.32977
6073012501,2000,57.38226219,21.24999891,32381.8939,31256.14236,38204.21557,17333.25263
6073012502,2000,57.38226322,21.25000014,32381.89271,31256.14141,38204.21506,17333.25281
6073012600,2000,55.41591861,16.44844517,58115.51008,50494.61803,37938.90866,18803.90273
6073012700,2000,51.94942044,24.56293706,46428.94662,37538.82562,69869.8963,17988.56109
6073012800,2000,36.78884026,13.72340426,46874.55635,45344.58363,32075.62278,23625.59312
6073012900,2000,29.54469924,9.01126408,67687.15184,73168.28944,19708.52398,31828.67497
6073013000,2000,47.81279847,15.07064364,28023.74733,47567.11388,73578.48952,21745.20285
6073013102,2000,49.5139339,21.26034373,48429.3618,38169.3013,47300.45756,17911.30368
6073013103,2000,57.43838028,21.60148976,15003.11388,46684.172,42154.34296,14436.09964
6073013104,2000,51.66515014,21.25863392,38283.80783,39988.98932,36022.80216,18232.7497
6073013203,2000,63.87215529,22.75574113,36371.68683,36789.70463,43625.08416,19365.39858
6073013204,2000,74.62877624,20.06841505,45181.79122,44337.47805,52118.09675,14419.54448
6073013205,2000,71.10453649,18.71101871,44679.61803,35828.12574,17244.95848,11770.71886
6073013206,2000,58.11307544,16.86086361,45526.69039,38185.85647,51365.34062,18820.45789
6073013301,2000,40.95198155,10.23751024,57985.828,66896.64294,59618.28503,26531.02372
6073013302,2000,48.47400547,8.404802744,208356.3476,70836.77106,107780.9905,23858.74496
6073013303,2000,53.01451053,15.49912434,79591.69158,52686.79715,78292.11151,19201.22657
6073013306,2000,52.3714539,15.60480148,36461.36062,57770.61091,84715.85854,21100.9312
6073013307,2000,59.12576687,11.23595506,66393.09015,59220.56702,66220.64057,18674.22064
6073013308,2000,67.19242902,20.92198582,102177.0688,51141.64887,43974.64413,17054.57414
6073013309,2000,48.02967084,8.511941212,88811.53618,74189.19098,85707.44365,28247.24199
6073013310,2000,40.54056178,7.129947986,84397.72535,93636.22249,125012.4269,43650.76805
6073013311,2000,40.18373926,5.385899563,131242.9701,98398.99973,105722.9263,36326.32736
6073013312,2000,43.91866913,14.2228739,81051.30486,65045.2242,93957.20928,23493.15184
6073013313,2000,41.84501984,5.846153991,95494.30249,84377.51011,58386.50349,25871.57595
6073013314,2000,41.84501887,5.846153757,95494.30587,84377.51175,58386.5012,25871.5761
6073013401,2000,32.33119763,8.098591549,74345.08541,83751.17556,89242.66014,35417.00593
6073013409,2000,42.37721412,8.013467894,83022.74808,79834.49742,76719.03177,30930.55796
6073013410,2000,29.2371728,6.598728564,69161.43022,92065.63391,88866.77605,40868.18646
6073013411,2000,35.00887726,5.421128791,84981.93979,116637.5082,120072.14,44753.38327
6073013412,2000,46.63536776,7.82414307,98439.7414,111101.6797,112831.2998,41103.70344
6073013414,2000,44.06501806,7.215986158,74797.52377,80053.85452,97760.49241,33233.69731
6073013415,2000,40.08541794,13.4751773,46561.3879,89128.84342,88419.6053,32442.59549
6073013416,2000,31.11541149,4.916593281,59710.32371,84125.04727,83422.48483,30809.15338
6073013417,2000,49.30313589,4.965753425,143978.8482,140030.4425,100513.4723,37079.41993
6073013418,2000,45.45303959,9.74230044,89328.88493,70635.34994,95098.10741,27724.37485
6073013419,2000,37.30088496,8.490566038,107138.0985,87302.25741,97037.84746,34145.01779
6073013420,2000,49.22652552,8.089260656,92583.3552,93630.46418,100700.8381,32961.32271
6073013421,2000,49.22652377,8.089260706,92583.35448,93630.46488,100700.8398,32961.32463
6073013503,2000,20.84842214,19.52506596,42472.26335,61161.65955,49627.15829,24616.14353
6073013504,2000,25.36032944,9.884467266,116553.8458,72141.86951,119893.5209,37767.83867
6073013505,2000,14.92929293,11.82156134,74585.13523,67378.12218,66680.50612,33166.88375
6073013506,2000,25.25337838,10.74249605,74153.32147,30286.28588,93122.7758,20998.84104
6073013601,2000,17.02407825,10.03436426,53114.47212,47300.85172,137959.6679,35130.04982
6073013604,2000,21.55905512,11.3130129,61342.38671,71394.12811,97991.94054,32376.37485
6073013605,2000,16.76811508,5.362721111,185340.0365,88914.86467,122000.7993,48122.41559
6073013606,2000,20.54244905,14.40833844,55026.59312,65133.51839,80859.69421,33020.6465
6073013701,2000,9.330017529,5.190350047,117938.1566,76547.98098,98898.39061,58574.80911
6073013702,2000,25.99495244,18.70170015,50160.75563,41634.84816,103469.7509,24562.33926
6073013801,2000,11.38703816,13.1840796,54458.19929,75110.76157,70359.4306,25443.90154
6073013802,2000,35.43485289,19.74965229,62995.14353,55676.38316,67008.98153,17869.91578
6073013903,2000,29.83410018,11.5246337,71344.45502,74641.60795,77726.69133,23653.36413
6073013905,2000,29.06752412,7.928388747,99528.24318,113412.5042,87949.28826,28009.95136
6073013906,2000,24.52048823,15.69311247,55676.38316,53929.81376,77095.1085,24115.34994
6073013907,2000,37.69526248,28.5106383,34145.01779,43244.83749,52022.29141,16952.48399
6073013908,2000,42.77862595,19.08396947,86656.60617,55026.59312,63395.75213,18525.2242
6073013909,2000,41.69177289,13.14741036,62225.32859,57627.13286,80476.47291,20338.01423
6073014001,2000,27.50431779,14.44933921,68807.38434,60357.35469,61047.15302,24763.76038
6073014002,2000,22.29570146,9.428284855,98871.55516,61219.60261,73848.99867,24791.35231
6073014101,2000,27.55256984,11.30819252,46825.1503,62233.93402,102354.7594,19966.39689
6073014102,2000,29.99289894,14.50117713,75797.58243,77465.36183,94535.0144,22306.24518
6073014200,2000,27.07210265,10.54054091,53267.60827,77785.8002,74728.15264,26931.10735
6073014300,2000,21.60447786,18.79075974,41233.46967,54133.84106,48983.05391,23023.63431
6073014400,2000,27.29245795,27.49675746,39016.37367,23712.50771,28971.53025,17759.54804
6073014500,2000,20.57979363,16.28440459,45028.65696,70951.28002,67830.17236,26820.73905
6073014601,2000,22.04108977,23.30754352,50010.3796,49320.58126,70652.07232,24286.41993
6073014602,2000,12.84519889,7.535460993,67186.35824,60727.0866,111814.0856,34291.25504
6073014700,2000,15.49489477,10.9020771,39286.31991,52480.60339,34363.08858,28583.27656
6073014803,2000,16.92730347,12.46261216,44377.48636,87776.83867,35064.74892,31020.23132
6073014804,2000,16.12785496,11.48796334,31671.78583,57725.16678,70295.77236,33665.22256
6073014805,2000,17.19303438,14.47835414,51016.10541,52362.59126,44070.44863,30845.02337
6073014806,2000,17.30382806,14.45896944,50261.46136,52257.09983,43697.25903,30686.66175
6073014901,2000,12.99186294,13.63890434,36684.85584,38585.93954,70129.49662,30533.23463
6073014902,2000,12.99186313,13.63890444,36684.85706,38585.9379,70129.49861,30533.23456
6073015000,2000,22.4508218,12.74158943,39663.40511,54936.91787,71049.22744,27883.02818
6073015100,2000,10.36956494,11.26984163,8622.479093,54753.43346,103469.7486,36635.19064
6073015200,2000,10.18874342,3.829223731,101744.7189,94157.90596,185623.7815,58275.90119
6073015301,2000,26.13780025,15.15544041,44097.42823,63806.34638,206939.5018,20670.49703
6073015302,2000,16.15598938,7.454017408,98296.26725,99357.1733,57866.41382,41550.69301
6073015403,2000,12.27580697,3.443708706,125483.9726,149581.3886,112092.2289,52043.90256
6073015404,2000,25.82728099,15.32436418,46993.53152,46290.93374,55680.84759,26922.77335
6073015405,2000,15.54424432,8.577405858,76200.64294,51487.92764,58632.85884,37714.0344
6073015406,2000,13.58645929,3.29153605,50010.3796,275920.7153,93122.7758,68623.89798
6073015501,2000,9.963102313,8.711448467,84500.29656,50256.455,77137.46479,29958.08884
6073015502,2000,8.078499642,6.674454663,53459.37022,43349.19537,121628.2714,37745.83946
6073015601,2000,19.98604813,13.15436242,22339.80902,61047.15302,44405.76809,23395.20047
6073015602,2000,8.3203125,3.479576399,-9999,114164.3843,-9999,40071.76512
6073015701,2000,31.8,22.84263959,49097.0866,32294.97865,23711.81791,16596.54804
6073015703,2000,32.86503552,24.40433213,35999.19573,37607.80546,39170.6914,15568.74852
6073015704,2000,24.27940795,17.21649485,47423.63582,45181.79122,48669.10505,19284.00237
6073015801,2000,31.05896882,29.34631433,46906.28707,43342.78885,50585.21155,16233.71412
6073015802,2000,30.72847682,24.77477477,35706.72123,42681.96204,17244.95848,19346.08422
6073015901,2000,38.70772947,32.62108262,43740.11269,30621.52788,58632.85884,11784.51483
6073015902,2000,30.42071197,21.69966997,66737.98932,46253.73784,52227.58855,20473.21471
6073016000,2000,24.53131233,13.15789474,34489.91696,69244.71649,33627.66904,26540.6809
6073016100,2000,17.73725164,7.962831828,79538.7784,44671.24253,41870.88784,32161.15507
6073016201,2000,11.87849992,6.7695962,-9999,104213.3535,219257.3292,38104.46026
6073016202,2000,20.25974026,18.44416562,46924.22183,42328.78529,54198.44095,23453.14353
6073016301,2000,30.58681672,22.44897959,36646.22657,41603.11744,53746.78726,18820.45789
6073016302,2000,32.22526398,19.6969697,49763.43179,48956.36773,72578.78178,18089.27165
6073016401,2000,11.50760135,9.106382979,43112.3962,63806.34638,213837.4852,27698.16251
6073016402,2000,19.84263233,16.93414499,46944.91578,39932.42586,65530.84223,27487.08422
6073016502,2000,19.20727164,16.50671785,62848.90629,33324.15777,105625.3707,20390.43891
6073016503,2000,15.0463756,17.3913044,44234.00772,47136.68214,72428.82353,23673.87953
6073016504,2000,15.04637577,17.39130338,44234.00739,47136.6781,72428.82289,23673.87979
6073016605,2000,12.11653224,11.51128106,84343.02251,58201.57593,30714.55305,34581.15171
6073016606,2000,14.43898991,8.785120327,104141.6145,79795.7589,156385.51,29627.09366
6073016607,2000,9.262644729,8.484162896,15520.46263,90057.31198,81790.37452,31119.56228
6073016608,2000,9.391839877,5.331412104,50010.3796,44836.89205,120714.7094,29937.24792
6073016609,2000,7.789039039,14.39342015,175633.694,64883.81139,113613.8441,31311.32622
6073016610,2000,10.27253669,14.65517241,152083.9786,91206.51601,51045.07711,27754.72598
6073016612,2000,8.572804339,6.989247404,53459.37313,85485.32954,27099.21931,28843.22889
6073016613,2000,7.564160021,7.868852452,-9999,70704.33137,120714.7094,29175.71035
6073016614,2000,11.22169694,13.72197309,101745.255,78094.82918,52424.67378,31827.29537
6073016615,2000,11.3535503,17.70623742,94847.27165,28626.63108,120714.7094,23945.65955
6073016616,2000,13.89085755,8.828996283,111040.9775,63059.98458,82775.80071,24344.36299
6073016617,2000,10.37796284,15.5216285,52227.39146,26824.87782,43687.22816,28125.83749
6073016701,2000,10.86257514,12.69430052,27591.93357,56991.13879,39835.85409,27313.25504
6073016702,2000,11.70704383,15.93375214,50182.82918,51981.82325,19544.28628,24860.33215
6073016802,2000,9.264810849,5.803108808,-9999,43359.34401,60200.58234,38151.36655
6073016804,2000,12.47186548,21.69811321,63135.8624,44439.56821,54800.64584,22443.27877
6073016806,2000,8.639308855,13.07609861,24635.45789,62368.80664,106605.1979,25148.66785
6073016807,2000,8.249721293,7.455683003,56425.50415,93985.02372,82775.80071,29908.27639
6073016809,2000,13.297389,7.242207956,117924.0626,53544.27129,82774.15489,28663.23461
6073016810,2000,7.941274608,5.808080808,-9999,94354.75563,-9999,30545.65006
6073016811,2000,6.802259887,7.331136738,-9999,79326.80902,81396.20403,32126.66785
6073016901,2000,7.095182815,5.585392104,43615.95073,72428.82219,95386.1804,29375.75106
6073016902,2000,7.89800702,8.544331919,89807.15492,101109.9529,25381.28275,35702.09557
6073017006,2000,5.178446474,3.658536687,-9999,176442.1386,247177.7388,56175.79779
6073017009,2000,16.48085313,12.53456221,36861.44365,48825.30605,66393.09015,30392.51483
6073017010,2000,10.79422445,7.359808064,43615.94754,99805.46298,80476.49275,36762.09258
6073017014,2000,9.500223264,0.288747166,32765.42112,60467.13441,33041.82607,46159.57148
6073017015,2000,15.63636364,8.357915438,74920.37722,77315.35706,69472.54703,48525.93357
6073017018,2000,32.43372343,20.18867925,72773.72479,42372.93238,60882.20124,29155.01661
6073017019,2000,11.00199442,1.813071858,124143.746,51003.73622,48682.62762,57551.234
6073017020,2000,13.11212982,3.615414162,50951.42789,121214.4162,178332.846,58342.93402
6073017021,2000,8.256880734,2.83446712,70704.32977,110367.7343,127612.6928,54529.93832
6073017022,2000,15.31308122,8.314773571,119597.2361,104996.9644,109936.6103,45412.18387
6073017029,2000,14.62184523,2.908187272,106146.1684,43572.47172,179029.0607,107154.3415
6073017030,2000,18.23537287,6.907059421,108226.6002,108077.6038,117512.0742,49691.69276
6073017031,2000,13.30845771,12.87313433,78711.5089,84747.24437,71279.16173,33438.66429
6073017032,2000,26.59864671,12.22097751,275916.0083,76371.56882,90098.90695,40954.89075
6073017033,2000,32.46976983,7.789373619,103671.1332,91969.17694,125411.7217,42902.24106
6073017034,2000,18.7813189,10.6853353,74781.03796,68421.09727,85819.02868,37333.26572
6073017035,2000,51.86096586,16.38795987,54444.40332,54321.61922,42767.49703,27539.5089
6073017036,2000,22.46734398,14.02763018,106159.9644,72826.14947,100020.7592,39684.09846
6073017037,2000,29.94157741,5.875227135,23693.19336,136097.2123,111200.2495,37820.26335
6073017039,2000,26.98574382,6.029487146,102702.5288,88810.81018,118427.9353,47103.03323
6073017040,2000,12.81276963,8.706070288,104945.9193,89920.73191,114327.6877,44937.60261
6073017041,2000,15.89553442,13.23353293,67427.78766,82086.00237,88688.35791,31309.94662
6073017042,2000,24.42181567,6.476683938,139021.9573,122655.8019,117429.9554,46493.78766
6073017043,2000,23.13616759,10.09280742,67147.72954,57647.82681,111830.9429,44235.3879
6073017044,2000,26.05430387,5.425824176,112474.3784,84747.24437,115972.3458,54169.86358
6073017045,2000,25.0869173,3.157169556,109851.1232,147191.5221,167223.2698,62225.44852
6073017046,2000,18.47860539,6.526548673,175633.694,262796.6121,81714.5725,70507.04745
6073017047,2000,13.90986602,4.849498328,121506.5979,138608.0783,139875.7744,51780.40214
6073017048,2000,26.09052148,17.67352185,69937.27402,57598.16133,59618.28503,25316.97865
6073017049,2000,10.21307834,11.20331946,43112.39731,58345.90273,65530.84093,28756.31209
6073017050,2000,16.89663556,11.10342594,80827.86562,112461.3603,116130.872,37005.25648
6073017051,2000,23.45120637,7.674273912,64839.26766,77666.61963,79133.93817,48643.89827
6073017052,2000,23.48844887,7.664099254,64755.5065,77469.87394,79003.46418,48687.34885
6073017053,2000,10.21227177,3.807209343,187081.5807,121683.1885,109823.159,48470.75078
6073017054,2000,10.21427674,3.807882748,187032.5701,121670.5937,109810.1245,48470.7821
6073017055,2000,25.11735167,8.598124826,50451.58064,113845.0239,103457.9448,46364.90926
6073017056,2000,25.22181453,8.566853831,50010.37731,113865.0136,103369.2955,46484.13181
6073017104,2000,14.20092525,10.83283437,125483.9751,84689.59501,140421.8604,49039.05887
6073017106,2000,11.16073082,3.659240862,141083.0747,109843.3359,120744.9946,147409.2454
6073017107,2000,13.38234004,7.235663812,141083.0747,127868.1754,179977.6989,53329.13003
6073017108,2000,10.3705237,9.341500766,-9999,105587.4318,126922.8944,44726.52432
6073017109,2000,9.546707538,7.354006785,67303.08459,126320.0436,108714.6198,69709.17668
6073017110,2000,9.549176233,7.344319208,67488.01269,126181.0712,108675.0849,69671.75817
6073017200,2000,12.98793486,4.155442711,139010.3298,72053.99886,123765.6922,86118.77529
6073017303,2000,14.48834853,6.919060052,30671.19336,49723.42349,53804.27046,66772.47924
6073017304,2000,28.81031179,9.492635025,-9999,43155.1637,105933.3164,57331.89917
6073017305,2000,8.733624454,5.616740088,-9999,70129.03796,269452.4763,79056.40807
6073017306,2000,9.766306243,3.436018957,166950.5125,151643.8873,-9999,100716.0759
6073017401,2000,14.3115942,9.577015164,23927.72479,69324.7331,72428.82562,54182.27995
6073017403,2000,13.59683644,4.542897303,125483.9751,59788.46395,131574.0971,48600.48795
6073017404,2000,20.06662437,10.94339623,125483.9751,94847.27165,178197.9044,44418.87426
6073017501,2000,13.66882013,8.4375,34662.36655,44453.36418,51734.87544,46220.62752
6073017502,2000,38.98876404,12.51840943,23798.0427,63806.34638,37938.90866,23340.01661
6073017601,2000,11.5212861,5.514316013,151347.274,113582.1945,123178.2749,56935.95492
6073017603,2000,32.57973424,8.731466324,-9999,61342.38598,124546.9224,43210.34747
6073017604,2000,17.0189099,10.44045677,98296.26335,51323.75563,115924.4431,42597.80664
6073017701,2000,32.05174272,12.64656616,27222.20166,49493.03084,73578.48952,37206.34282
6073017702,2000,16.86696792,11.60513628,-9999,47305.77343,124546.9182,46679.3805
6073017801,2000,17.90837575,10.18246027,58955.68446,85649.50059,103469.7509,41887.31435
6073017808,2000,9.301900585,3.573591763,63806.34638,134059.548,80189.05694,74423.72242
6073017809,2000,6.606334842,8.766233766,-9999,87949.28826,137959.6679,40470.46856
6073017810,2000,12.33404711,6.113207547,29316.42942,57100.12693,86224.79241,47426.39502
6073017811,2000,13.68136814,7.498341075,138276.9751,64903.12574,150793.1254,52281.19573
6073017813,2000,11.43911439,3.333333333,-9999,25127.9739,152069.1793,64182.97628
6073017900,2000,38.97038472,13.65235749,13220.67497,40136.60617,64381.17834,25654.97983
6073018000,2000,10.94215862,12.78317152,70704.32977,40576.69751,31668.01466,47233.25148
6073018100,2000,18.36798499,12.56613757,66106.13405,49052.9395,44590.5355,28705.26809
6073018200,2000,52.04655922,18.10918775,30727.75682,29316.42942,30609.8013,17262.89324
6073018300,2000,12.66666667,10.82024433,43629.74496,43782.88019,51734.87544,40430.46026
6073018400,2000,49.30786116,23.28571385,36646.22654,38879.79317,17244.95807,15125.89844
6073018504,2000,14.14991429,9.236234458,30301.46145,64434.06287,53162.04442,36934.56228
6073018507,2000,35.32852673,11.01789709,61407.22776,58057.56702,81440.70715,25196.95374
6073018509,2000,48.59652144,19.33884298,35869.51364,44449.22539,48429.59174,21323.04626
6073018510,2000,33.78331603,10.76923077,54666.51839,71196.84579,56563.46382,24647.87426
6073018511,2000,36.5162037,11.03174603,44491.99288,41778.32622,56103.59826,22188.05338
6073018512,2000,13.30392154,5.726933401,47218.44124,36969.69445,38803.00178,33744.94429
6073018513,2000,21.37319198,11.42711885,64111.19838,84828.45786,77759.04404,34596.14203
6073018514,2000,18.18448023,7.139079852,71853.53381,87087.04033,79973.49496,36310.98458
6073018515,2000,17.64563693,5.913043478,72141.86951,87565.76038,64956.01028,40212.48399
6073018516,2000,27.64537655,11.1328125,37584.35231,71279.62159,53459.37129,28001.67378
6073018517,2000,19.44657955,13.55042017,55759.15896,44011.89324,38513.74061,27659.53381
6073018518,2000,42.78383579,12.64880952,51159.58363,55950.92289,39982.75559,20888.47331
6073018519,2000,41.44582657,15.20572451,50667.06762,55615.6809,87949.28826,18138.93713
6073018601,2000,31.7670225,6.644518465,104228.5258,69293.0017,78970.01863,30956.76981
6073018603,2000,57.54312512,18.74496956,44549.7875,44445.01178,52424.55442,15719.11617
6073018608,2000,16.57754011,12.11699164,60142.1376,57770.61091,67255.33808,26140.59786
6073018609,2000,39.6902378,14.82226693,52966.85528,44792.74496,91685.69592,22157.70225
6073018610,2000,46.48907104,12.47588424,51376.18031,58496.27877,66680.50612,19359.88019
6073018611,2000,38.51103163,10.32977523,54536.86528,63559.45427,105933.2126,26689.95092
6073018612,2000,28.26086957,7.606263982,68240.37011,81855.60973,119565.0455,26146.11625
6073018613,2000,31.41888387,13.85263155,68714.95136,55486.0001,62426.7497,26612.41943
6073018614,2000,31.4188845,13.8526316,68714.95136,55485.99768,62426.7497,26612.42036
6073018700,2000,18.60188959,5.416770668,54828.00505,37263.89383,41167.1657,17183.63075
6073018801,2000,8.776575079,3.541315337,187883.1885,57024.30153,93136.29214,38871.67097
6073018802,2000,9.469387755,3.204565408,72561.2669,76974.59668,113659.9536,49811.71767
6073018803,2000,19.6444555,5.824427432,23110.97112,71252.46506,87478.35632,47332.22367
6073018903,2000,35.42234332,11.6003387,275920.7153,54454.0605,172449.5848,24849.29537
6073018904,2000,33.92825897,12.1509434,45914.35706,45212.14235,110860.4474,19845.49822
6073018905,2000,42.47470817,10.98829649,44097.42823,39833.0949,28358.37618,19089.47924
6073018906,2000,40.90988019,10.82802548,43687.68802,41807.29775,49148.13167,18952.89917
6073019001,2000,13.39064039,3.559657244,50010.3796,30996.77795,97261.56658,42379.82841
6073019002,2000,39.45704347,3.589785943,114865.2205,31305.83217,89673.35574,24450.58526
6073019101,2000,35.42008842,10.25773941,114865.2227,35075.1284,25306.67603,23473.93538
6073019103,2000,20.30170765,4.330446527,-9999,41220.96837,114966.386,35695.6857
6073019105,2000,12.48536871,1.926662523,-9999,68404.54211,33011.77767,42644.71293
6073019106,2000,21.16041221,6.432316274,117969.0071,58557.54172,66836.78862,33121.57334
6073019107,2000,25.1055409,7.785456562,94534.10493,44329.37314,50585.30776,28404.55063
6073019203,2000,18.87052342,9.762532982,81051.30486,70457.38197,82775.80071,30880.89205
6073019205,2000,29.72774099,12.31404959,41004.37248,44683.75682,11914.69859,23810.45907
6073019206,2000,52.4884465,15.44865865,57155.31079,52043.9051,30609.8013,16184.04864
6073019207,2000,29.94054139,11.75859813,36214.40947,52642.50407,51108.38433,31759.64165
6073019208,2000,11.29370629,3.738317757,-9999,242211.6501,315336.3837,35417.00593
6073019301,2000,19.48375058,5.484988453,108259.7106,83733.24081,102673.8297,33441.42349
6073019302,2000,17.76377531,11.22807018,53891.18505,60070.39858,84409.53363,28320.36062
6073019303,2000,18.99494311,8.640483384,57922.36655,51096.12218,90536.03203,32315.6726
6073019403,2000,29.79931076,8.099173554,95279.08541,67255.33808,77759.08551,31367.88968
6073019404,2000,53.7258248,10.69900143,50720.87189,63231.05457,43687.22816,17159.42349
6073019405,2000,35.38859952,17.30141411,49435.08578,49404.73824,70014.52884,21632.07567
6073019406,2000,24.00554222,12.72592954,70314.02117,65050.23247,25806.02191,28598.44822
6073019501,2000,72.58935459,15.74468085,-9999,43855.99881,41962.73231,10582.88612
6073019502,2000,64.76504534,17.59343665,28576.9656,39260.56228,37938.90866,13339.32028
6073019503,2000,41.53918231,17.10343395,42077.10588,51403.20203,63234.47143,21067.22469
6073019601,2000,20.59160134,12.65750563,35967.67033,41873.5032,86729.89207,28226.56279
6073019602,2000,37.88013516,7.611336032,33627.66904,42286.01779,74153.32147,23607.65836
6073019701,2000,23.92450264,12.89092296,50585.67141,67193.25623,34982.63007,26862.12693
6073019702,2000,18.33539349,7.723250201,58879.80664,62599.19929,87949.28826,29836.53737
6073019803,2000,12.56254938,14.19689119,57555.39383,44664.44247,104133.0185,38292.08541
6073019804,2000,10.24734982,6.712962963,92875.828,125609.5184,91053.38078,38532.13523
6073019805,2000,24.98613491,14.62919216,54112.67712,53833.14789,46976.44638,28605.34273
6073019806,2000,15.11581734,7.811764706,108113.4733,97392.62752,97557.19369,37439.49466
6073019808,2000,12.74238225,5.586207122,119542.0501,100404.2881,97479.40125,45783.29354
6073019809,2000,12.74238173,5.586206526,119542.0498,100404.2842,97479.39383,45783.29731
6073019902,2000,33.86497706,8.912830558,56141.30724,60070.39858,76644.25992,23992.56584
6073019903,2000,20.48090523,7.23830735,3447.6121,54936.91934,79819.52212,31943.18149
6073019904,2000,13.02237231,9.608277901,36861.44365,79671.70819,103055.8719,38362.44484
6073019905,2000,16.07003891,10.34732272,125937.8624,67255.33808,62676.50427,35774.32147
6073020013,2000,15.74356738,8.877086495,32573.65718,75686.05338,122439.2052,49384.0427
6073020014,2000,16.53050582,6.833855799,139641.3962,92547.48399,118899.4506,61063.70819
6073020015,2000,13.67591089,7.017543675,85609.49073,79902.10115,88983.98652,41974.23003
6073020016,2000,14.52079826,6.199717995,141083.0747,74781.16306,125213.5767,50363.56199
6073020017,2000,31.93752077,13.39285714,55414.25979,50720.87189,29951.77,21836.25623
6073020018,2000,50.99209309,11.42454161,49702.72954,50781.57414,91182.71797,18344.49703
6073020019,2000,22.56667821,4.224464061,58417.64176,76000.60142,66967.92211,30036.57888
6073020020,2000,26.08461331,4.205128205,72213.60854,89098.49229,98296.26335,31428.59193
6073020021,2000,54.31939979,13.27433628,83925.00474,44326.44128,107632.3271,17584.33926
6073020022,2000,20.46728972,9.644670051,39806.88256,50700.17794,74937.18322,27502.25979
6073020023,2000,14.94095029,6.830309498,75877.81732,74550.64531,80312.23521,28926.00356
6073020024,2000,21.1249352,5.968586387,82345.36655,78699.09253,-9999,25231.44365
6073020025,2000,20.36818504,11.27819549,60110.40688,65645.34875,108007.8979,31043.68446
6073020026,2000,11.59249071,2.575294796,90905.76634,70512.56706,89290.56013,44656.16487
6073020027,2000,11.58923037,2.580678981,90996.67696,70526.2077,89239.86552,44637.57597
6073020028,2000,64.3428072,16.39851458,53651.13523,50740.18465,40422.18308,14502.32023
6073020029,2000,64.34280561,16.39851512,53651.13523,50740.18777,40422.18229,14502.32034
6073020103,2000,20.25722926,5.780704825,81234.09171,104445.0238,107884.8016,34798.32873
6073020105,2000,17.02011963,15.19659936,83159.32859,64703.08422,165264.1855,30589.79715
6073020106,2000,24.78435883,8.098987627,56908.36299,56333.07117,145624.0939,27471.90866
6073020107,2000,16.0133698,6.659012629,-9999,77602.31317,86538.33711,36407.55635
6073020108,2000,54.03279786,17.74600505,35817.08897,49866.90154,71358.44889,15790.86358
6073020109,2000,29.78408129,7.470747075,85879.89324,64646.52076,105037.4744,23635.2503
6073020202,2000,56.3772776,20.20933977,64532.01423,45505.99644,30810.99248,14135.34757
6073020206,2000,52.52133437,15.07109005,37508.4745,54067.77343,59887.03764,17820.2503
6073020207,2000,52.18446602,20.79918033,37555.38078,40640.15896,26171.76053,16052.98695
6073020208,2000,29.44374739,10.28880866,98296.26335,71853.53381,82775.80071,23415.89442
6073020209,2000,38.69511695,14.42687747,100969.9217,51224.42467,24574.06584,20096.58482
6073020210,2000,23.74902774,17.27367326,67994.8019,83465.59905,84845.19573,24536.12693
6073020211,2000,38.5970431,14.23462089,50112.46975,43373.13998,54724.00159,21026.43298
6073020213,2000,62.28915783,18.39213492,22131.48981,32321.18965,41617.83217,10679.45766
6073020214,2000,62.28915573,18.39213363,22131.49,32321.19198,41617.83384,10679.45806
6073020304,2000,17.00869565,3.290993072,138169.3665,68487.31791,177299.7294,41205.79359
6073020305,2000,19.65862272,7.278020378,84500.29656,56437.92052,105769.0787,31369.26928
6073020306,2000,9.90735977,5.623242827,115720.5675,75346.6762,43112.39826,35048.65331
6073020307,2000,22.33308877,8.125,36214.41281,74260.93001,103469.7509,29250.20878
6073020308,2000,27.83458773,15.00488679,20491.14864,44941.74103,43917.16115,21994.91081
6073020309,2000,27.83458741,15.00488812,20491.1492,44941.74348,43917.15994,21994.90971
6073020401,2000,6.454282168,2.792553191,-9999,139857.9929,172449.5848,55967.47805
6073020403,2000,19.37943729,6.855277476,38185.85647,57969.27284,87036.31986,27269.10795
6073020404,2000,21.54308617,8.749040675,42989.6121,59351.62871,79013.26431,39209.5172
6073020405,2000,15.56469472,2.441505595,210164.9988,120275.9976,96226.86833,53853.93594
6073020500,2000,58.13638125,11.59563925,-9999,52310.16726,109856.7726,18536.26097
6073020601,2000,57.40926409,16.45193261,25437.00356,43112.3962,63806.34638,17978.90391
6073020602,2000,33.914184,13.84742952,30696.0261,48590.77461,86914.59075,22817.14947
6073020705,2000,15.47257127,5.393830782,172975.0459,82128.83768,77947.29193,33618.04439
6073020706,2000,13.038906,3.923972945,43112.39724,120218.0574,107780.9911,44356.79063
6073020707,2000,34.44340941,19.02874133,72428.82562,42019.75563,48860.7157,21567.23488
6073020708,2000,17.85207505,6.23340812,44306.29903,37172.99266,60357.4723,35549.41667
6073020709,2000,12.76449342,4.634464573,94534.1037,116524.8762,63691.38033,38312.78009
6073020710,2000,19.87612613,3.136531365,36214.41281,60357.35469,105194.2467,50869.86833
6073020801,2000,13.6229438,4.334121324,-9999,70290.44913,94847.27165,33146.18983
6073020805,2000,20.36665712,10.38062284,-9999,43929.11744,51469.56839,25343.19098
6073020806,2000,22.7953411,13.60946746,65844.01068,46216.48873,51734.87544,21688.63938
6073020807,2000,6.847068471,5.828220859,-9999,95422.56346,17244.95848,38435.56346
6073020809,2000,26.15780106,8.778267149,104173.8117,59792.86434,82037.10483,29714.68525
6073020810,2000,8.136625189,4.856193002,112140.7974,71168.1154,112736.6245,38108.04498
6073020811,2000,8.132468852,4.855408878,112141.8982,71174.77068,112755.4943,38109.9799
6073020902,2000,9.580293277,4.399332593,73660.80488,104445.0377,91973.11026,32277.04469
6073020903,2000,14.66930982,10.57930997,60366.51703,36214.10489,42765.19926,30982.02559
6073020904,2000,8.424678985,8.836206897,74153.32147,29546.82206,68979.83393,33920.14353
6073021000,2000,26.10053013,7.658643558,115541.2218,41880.41782,-9999,28727.34153
6073021100,2000,24.13322046,12.61830202,60557.04161,36360.54216,36998.27456,21928.02694
6073021202,2000,10.10764067,5.727265876,72886.07225,50665.28167,80934.82696,27211.78693
6073021204,2000,7.656869143,3.892018184,54061.0919,113172.3592,318816.6576,54168.70932
6073021205,2000,10.39555405,10.18702776,73660.80743,50010.3786,91973.10753,32777.838
6073021206,2000,10.39555393,10.1870279,73660.80837,50010.37813,91973.11388,32777.83835
6073021302,2000,21.34960524,5.893049774,12855.08185,48055.66944,62084.93935,33683.11751
6073021303,2000,18.15799362,3.785714396,173469.1012,176065.5025,148149.8625,44887.9371
6073021304,2000,13.93769971,5.162241722,-9999,182839.3255,75877.82034,51526.55759
6073021400,2000,25.60582832,10.34481288,83022.74661,47271.87835,58632.85835,36942.42685
6073021500,2000,25.10330813,6.619488688,275920.7153,196972.8597,141599.5542,73285.70573
6073021600,2000,14.7213751,1.756954612,44406.45789,56070.13517,31040.92527,38824.58525
6073021800,2000,9.897769517,4.369747899,111040.9775,84040.10785,87374.4563,72534.39553
6073021900,2000,47.36766431,25.2935036,53458.34287,34969.80607,38046.5993,16760.15822
6073022000,2000,66.07366575,20.42410714,43385.75344,33897.37866,51811.91502,18089.96058
6073022100,2000,22.3944014,10.75555556,275920.7153,61861.89356,104418.2236,46878.76272
