tractID,1980,1990,2000,2010
17031010100,2,3,0,2
17031010201,2,2,2,2
17031010202,2,2,2,2
17031010300,2,2,2,2
17031010400,5,5,2,5
17031010501,2,2,2,2
17031010502,2,2,2,2
17031010503,2,2,2,5
17031010600,2,2,2,2
17031010701,2,2,2,2
17031010702,2,2,2,3
17031020100,1,2,2,2
17031020200,1,1,1,2
17031020301,1,1,1,1
17031020302,1,1,1,2
17031020400,2,2,2,2
17031020500,2,2,2,2
17031020601,2,2,2,2
17031020602,2,2,2,2
17031020701,2,2,2,1
17031020702,2,2,2,2
17031020801,2,2,2,2
17031020802,2,2,2,2
17031020901,2,2,2,2
17031020902,2,2,2,2
17031030101,5,2,2,2
17031030102,5,2,2,2
17031030103,5,2,2,2
17031030104,5,2,2,2
17031030200,2,2,5,5
17031030300,2,2,2,2
17031030400,2,2,2,2
17031030500,2,2,2,5
17031030601,2,5,2,2
17031030603,2,5,2,2
17031030604,2,5,2,2
17031030701,2,5,2,2
17031030702,2,5,2,2
17031030703,2,5,2,5
17031030706,2,5,2,2
17031030800,2,5,5,5
17031030900,2,2,2,5
17031031000,2,2,2,5
17031031100,2,2,2,5
17031031200,2,2,2,2
17031031300,5,5,2,2
17031031400,5,5,5,5
17031031501,2,2,2,2
17031031502,2,2,2,2
17031031700,3,2,5,5
17031031800,2,2,2,5
17031031900,2,2,5,5
17031032100,3,5,5,5
17031040100,2,2,2,2
17031040201,2,2,2,2
17031040202,2,2,2,2
17031040300,2,2,2,2
17031040401,2,2,2,2
17031040402,2,2,2,5
17031040600,2,2,5,5
17031040700,2,2,2,5
17031040800,2,2,5,5
17031040900,2,2,5,5
17031050100,2,2,5,5
17031050200,2,2,5,5
17031050300,2,2,2,5
17031050500,2,2,5,5
17031050600,2,2,5,5
17031050700,2,2,5,5
17031050800,2,2,5,5
17031050900,2,2,5,5
17031051000,2,2,5,5
17031051100,3,2,5,5
17031051200,2,3,5,5
17031051300,2,2,5,5
17031051400,3,3,2,5
17031060100,2,5,5,5
17031060200,2,2,5,5
17031060300,2,2,5,5
17031060400,2,5,5,5
17031060500,2,2,5,5
17031060800,5,5,5,5
17031060900,5,5,5,5
17031061000,2,5,5,5
17031061100,2,5,5,5
17031061200,2,5,5,5
17031061500,2,5,5,5
17031061800,5,5,5,5
17031061901,5,5,5,5
17031061902,5,5,5,5
17031062000,5,5,5,5
17031062100,2,5,5,5
17031062200,2,5,5,5
17031062300,3,5,5,5
17031062400,2,5,5,5
17031062500,2,5,5,5
17031062600,2,2,5,5
17031062700,2,2,5,5
17031062800,2,5,5,5
17031062900,2,5,5,5
17031063000,5,5,5,5
17031063100,5,5,5,5
17031063200,5,5,5,5
17031063301,5,5,5,5
17031063302,5,5,5,5
17031063303,5,5,5,5
17031063400,5,5,5,5
17031070101,5,5,5,5
17031070102,5,5,5,5
17031070103,5,5,5,5
17031070200,5,5,5,5
17031070300,5,5,5,5
17031070400,5,5,5,5
17031070500,2,5,5,5
17031070600,3,5,5,5
17031070700,3,3,5,5
17031071000,5,5,5,5
17031071100,5,5,5,5
17031071200,5,5,5,5
17031071300,5,5,5,5
17031071400,5,5,5,5
17031071500,5,5,5,5
17031071600,5,5,5,5
17031071700,5,5,5,5
17031071800,5,5,5,5
17031080100,5,5,5,5
17031080201,5,5,5,5
17031080202,5,5,5,5
17031080300,5,5,5,5
17031080400,0,0,5,5
17031081000,5,5,5,5
17031081100,5,5,5,5
17031081201,5,5,5,5
17031081202,5,5,5,5
17031081300,5,5,5,5
17031081500,5,5,5,5
17031081700,0,5,5,5
17031081900,0,0,0,5
17031090100,1,1,1,1
17031090200,1,1,1,1
17031090300,1,1,1,1
17031100100,1,1,1,1
17031100200,1,1,1,1
17031100300,1,1,1,1
17031100400,1,1,1,1
17031100500,1,1,1,1
17031100600,1,1,1,1
17031100700,1,1,1,1
17031110100,1,1,1,1
17031110200,1,1,1,2
17031110300,1,1,1,1
17031110400,1,1,1,2
17031110501,1,1,2,2
17031110502,1,1,2,2
17031120100,1,1,1,1
17031120200,1,1,1,1
17031120300,1,1,1,1
17031120400,1,1,1,1
17031130100,1,2,1,1
17031130200,1,1,2,1
17031130300,2,2,2,2
17031140100,2,2,2,3
17031140200,2,2,2,2
17031140301,2,2,2,2
17031140302,2,2,2,2
17031140400,1,2,2,2
17031140500,2,2,2,3
17031140601,2,2,3,3
17031140602,2,2,3,3
17031140701,2,2,3,2
17031140702,2,2,3,3
17031140800,2,2,2,2
17031150200,1,2,2,2
17031150300,1,1,2,2
17031150401,1,1,1,1
17031150402,1,1,1,2
17031150501,1,1,1,1
17031150502,1,1,1,1
17031150600,1,1,1,1
17031150700,1,1,2,1
17031150800,1,1,2,2
17031151001,2,2,2,3
17031151002,2,2,2,3
17031151100,1,2,2,2
17031151200,1,1,2,1
17031160100,1,2,2,1
17031160200,1,2,2,1
17031160300,2,2,2,2
17031160400,2,2,2,2
17031160501,2,2,3,3
17031160502,2,2,3,3
17031160601,2,2,2,2
17031160602,2,2,2,2
17031160700,2,2,2,2
17031160800,2,2,2,2
17031160900,2,2,2,1
17031161000,1,2,5,5
17031161100,2,1,2,1
17031161200,1,2,3,2
17031161300,2,2,2,2
17031170200,1,1,1,1
17031170300,1,1,1,1
17031170400,1,1,1,1
17031170500,1,1,1,1
17031170600,1,1,1,1
17031170700,1,1,1,1
17031170800,1,1,1,1
17031170900,1,1,1,1
17031171000,1,1,1,1
17031171100,1,1,1,1
17031180100,1,1,1,2
17031190100,2,2,3,3
17031190200,1,2,3,3
17031190300,1,2,2,3
17031190401,1,2,2,3
17031190402,1,2,2,3
17031190601,1,2,3,3
17031190602,1,2,3,3
17031190701,2,2,3,3
17031190702,2,2,3,3
17031190800,1,2,3,3
17031190900,2,2,3,3
17031191000,2,3,3,3
17031191100,2,3,3,3
17031191200,2,3,3,3
17031191301,2,2,3,3
17031191302,2,2,3,3
17031200100,1,2,3,3
17031200200,2,3,3,3
17031200300,2,3,3,3
17031200401,3,3,3,3
17031200402,3,3,3,3
17031210100,2,3,3,2
17031210400,2,2,3,3
17031210501,2,2,3,3
17031210502,2,2,3,3
17031210601,2,3,3,3
17031210602,2,3,3,3
17031210700,3,3,3,2
17031210800,3,3,3,3
17031210900,3,3,3,2
17031220300,3,3,2,5
17031220400,2,3,2,5
17031220500,3,3,2,5
17031220601,3,3,3,2
17031220602,3,3,3,5
17031220701,2,3,3,3
17031220702,2,3,3,3
17031220901,3,3,3,3
17031220902,3,3,3,3
17031221000,3,3,3,3
17031221100,3,3,3,2
17031221200,3,3,3,5
17031221300,3,3,3,2
17031221400,3,3,3,3
17031221500,3,3,3,2
17031221600,3,3,5,5
17031222200,3,3,5,5
17031222500,3,3,3,3
17031222600,3,3,3,5
17031222700,3,3,3,3
17031222800,3,0,3,3
17031222900,3,3,3,3
17031230100,0,3,3,2
17031230200,3,3,3,3
17031230300,3,3,3,3
17031230400,3,3,3,3
17031230500,3,3,3,3
17031230600,3,3,3,3
17031230700,3,3,3,3
17031230800,3,3,3,3
17031230900,3,3,3,3
17031231100,0,4,4,4
17031231200,3,0,0,0
17031231500,0,0,0,0
17031240200,3,3,5,5
17031240300,3,3,5,5
17031240500,3,3,5,5
17031240600,3,3,3,5
17031240700,3,3,3,3
17031240800,3,3,3,3
17031240900,3,3,3,2
17031241000,3,3,3,2
17031241100,3,3,3,5
17031241200,3,3,5,5
17031241300,0,0,5,5
17031241400,3,3,5,5
17031241500,3,3,5,5
17031241600,3,3,3,5
17031242000,3,3,2,5
17031242100,3,3,2,5
17031242200,3,3,5,5
17031242300,2,3,5,5
17031242400,2,2,5,5
17031242500,3,3,3,2
17031242600,3,3,3,5
17031242700,3,3,3,3
17031242800,2,2,1,5
17031242900,3,3,5,5
17031243000,3,3,2,5
17031243100,3,3,3,2
17031243200,3,3,3,5
17031243300,3,3,5,5
17031243400,3,3,2,5
17031243500,3,3,5,5
17031250200,2,4,4,4
17031250300,2,4,4,4
17031250400,2,4,4,4
17031250500,1,1,1,1
17031250600,2,4,4,4
17031250700,3,4,4,4
17031250800,2,4,4,4
17031251000,0,0,0,0
17031251100,0,4,4,0
17031251200,0,4,4,4
17031251300,4,4,4,0
17031251400,0,4,4,4
17031251500,0,4,4,0
17031251600,0,4,0,0
17031251700,0,0,4,0
17031251800,0,0,0,0
17031251900,0,0,0,0
17031252000,0,0,0,0
17031252101,0,0,4,4
17031252102,0,0,4,4
17031252201,4,0,4,4
17031252202,4,0,4,0
17031260100,0,4,0,0
17031260200,0,0,0,0
17031260300,0,0,0,0
17031260400,0,4,0,0
17031260500,4,4,0,0
17031260600,4,4,0,0
17031260700,0,0,0,0
17031260800,0,0,0,0
17031260900,0,0,0,0
17031261000,0,4,4,0
17031270500,0,0,0,0
17031271200,0,0,0,0
17031271300,0,0,0,0
17031271400,0,0,0,0
17031271500,0,0,4,0
17031271800,0,0,0,0
17031280100,2,2,5,5
17031280400,0,0,0,4
17031280800,0,0,0,0
17031280900,4,0,0,0
17031282700,3,3,0,5
17031282800,3,3,2,2
17031283100,5,5,5,5
17031283200,0,0,0,5
17031283800,0,0,0,5
17031290900,0,0,0,0
17031291200,0,0,0,0
17031291600,3,3,3,3
17031292200,0,0,0,0
17031292400,0,0,0,0
17031292500,4,4,4,0
17031300500,3,3,3,3
17031300600,3,3,3,3
17031300700,3,3,3,3
17031300800,3,3,3,3
17031300900,3,3,3,3
17031301100,3,3,3,3
17031301200,3,3,3,3
17031301600,3,3,3,3
17031301701,3,3,3,3
17031301702,3,3,3,3
17031301801,3,3,3,3
17031301802,3,3,3,3
17031301803,3,3,3,3
17031310200,3,3,3,2
17031310300,3,3,3,2
17031310400,3,3,3,3
17031310500,3,3,3,3
17031310600,3,3,3,3
17031310700,3,3,3,3
17031310800,3,3,3,3
17031310900,3,3,3,3
17031320100,2,5,5,5
17031330100,4,5,5,5
17031340300,2,2,2,2
17031340400,2,2,2,2
17031340500,1,2,2,2
17031351000,5,4,4,2
17031351100,0,0,0,0
17031351400,0,0,0,0
17031351500,0,0,0,0
17031360200,0,0,0,0
17031380100,0,0,0,0
17031380200,0,4,4,4
17031380700,0,0,0,0
17031381200,0,0,0,4
17031381400,0,0,0,0
17031381800,0,0,0,0
17031381900,0,0,0,4
17031390100,0,0,0,4
17031390200,0,0,0,4
17031390300,0,0,0,0
17031390400,0,0,0,4
17031390500,5,5,5,5
17031390600,5,5,5,5
17031390700,5,5,5,2
17031400300,0,0,0,0
17031400400,0,0,0,0
17031400500,0,0,0,0
17031400800,0,0,0,0
17031410100,5,5,5,5
17031410200,5,5,5,5
17031410500,4,4,4,5
17031410600,5,5,5,5
17031410700,5,5,5,5
17031410800,5,5,5,2
17031410900,5,5,5,5
17031411000,5,5,5,5
17031411100,5,5,5,5
17031411200,5,5,5,5
17031420200,0,0,0,4
17031420300,0,0,0,5
17031420400,0,0,0,4
17031420500,4,0,0,0
17031420600,0,0,0,0
17031420700,0,0,0,0
17031420800,0,0,0,0
17031421200,4,4,0,0
17031430101,0,4,4,0
17031430102,0,4,4,4
17031430200,0,0,4,0
17031430300,0,0,0,0
17031430400,4,0,0,0
17031430500,0,0,0,0
17031430600,0,4,4,4
17031430700,4,0,0,4
17031430800,4,4,4,4
17031430900,4,4,4,0
17031431200,4,4,4,4
17031431301,0,0,0,0
17031431302,0,0,0,0
17031431400,4,0,4,4
17031440101,4,0,0,0
17031440102,4,0,0,0
17031440201,4,4,4,0
17031440202,4,4,4,4
17031440300,4,4,4,4
17031440600,4,4,4,4
17031440700,4,4,4,4
17031440800,4,4,4,0
17031440900,4,4,4,4
17031450300,4,4,4,4
17031460100,3,0,0,0
17031460200,3,3,0,0
17031460301,3,0,0,0
17031460302,3,0,0,0
17031460400,4,4,4,4
17031460500,4,4,4,4
17031460600,3,3,0,4
17031460700,3,3,3,0
17031461000,3,3,0,4
17031470100,4,4,4,4
17031480100,4,4,4,4
17031480200,4,4,4,4
17031480300,4,4,4,4
17031480400,4,4,4,4
17031480500,4,4,4,4
17031490300,4,4,4,4
17031490400,4,4,4,4
17031490500,4,4,4,4
17031490600,4,4,4,4
17031490700,4,4,4,4
17031490800,4,4,4,4
17031490901,4,4,4,0
17031490902,4,4,4,4
17031491000,4,4,4,0
17031491100,4,4,4,4
17031491200,4,4,4,4
17031491300,4,4,4,0
17031491400,0,0,0,0
17031500100,4,4,4,4
17031500200,0,0,0,0
17031500300,2,2,3,4
17031510100,3,3,3,3
17031510200,4,4,4,4
17031510300,4,4,4,4
17031520100,2,3,3,3
17031520200,3,3,3,3
17031520300,1,1,3,3
17031520400,1,1,3,3
17031520500,1,1,1,1
17031520600,1,1,1,1
17031530100,3,3,0,4
17031530200,4,4,4,0
17031530300,4,4,4,4
17031530400,4,4,4,4
17031530501,4,4,4,0
17031530502,4,4,4,4
17031530503,4,4,4,4
17031530600,4,4,4,4
17031540101,0,0,0,0
17031540102,0,0,0,0
17031550100,1,1,1,1
17031550200,1,1,1,1
17031560100,2,3,3,2
17031560200,4,4,4,4
17031560300,1,1,1,1
17031560400,1,1,1,2
17031560700,1,1,1,2
17031560800,1,1,1,1
17031560900,1,1,1,1
17031561000,1,1,1,1
17031561100,1,1,1,1
17031570100,1,1,3,3
17031570200,1,1,1,3
17031570300,1,1,2,3
17031570400,1,2,3,3
17031570500,1,1,2,3
17031580100,2,3,3,3
17031580200,2,3,3,3
17031580300,3,3,3,3
17031580400,1,2,3,3
17031580501,2,2,3,3
17031580502,2,2,3,3
17031580600,2,2,3,3
17031580700,2,2,3,3
17031580800,2,3,3,3
17031590500,2,2,2,3
17031590600,1,3,3,2
17031590700,1,3,3,3
17031600400,2,2,2,2
17031600600,2,2,2,2
17031600700,1,2,2,2
17031600900,3,2,2,2
17031610300,3,3,3,3
17031610400,3,3,3,3
17031610800,4,4,1,1
17031611000,0,0,0,0
17031611100,3,3,3,3
17031611200,3,3,3,3
17031611300,3,3,3,3
17031611400,3,3,3,3
17031611500,2,3,3,3
17031611600,3,0,0,0
17031611700,3,0,0,0
17031611800,3,0,0,0
17031611900,3,0,0,0
17031612000,0,0,0,0
17031612100,0,0,0,0
17031620100,1,1,3,3
17031620200,1,1,2,3
17031620300,1,1,1,3
17031620400,1,1,3,3
17031630100,3,3,3,3
17031630200,2,3,3,3
17031630300,1,1,3,3
17031630400,1,2,3,3
17031630500,2,3,3,3
17031630800,1,2,3,3
17031630900,1,1,3,3
17031640100,1,1,2,2
17031640300,1,1,1,1
17031640400,1,1,1,1
17031640500,1,1,1,1
17031640600,1,1,1,2
17031640700,1,1,1,3
17031640800,1,1,2,3
17031650100,1,1,3,3
17031650200,1,1,1,3
17031650301,1,1,1,3
17031650302,1,1,1,3
17031650400,1,1,1,3
17031650500,1,1,1,3
17031660301,1,3,3,0
17031660302,1,3,3,3
17031660400,1,1,3,3
17031660500,1,1,3,3
17031660600,2,3,0,0
17031660700,4,4,4,0
17031660800,2,3,4,3
17031660900,2,2,0,0
17031661000,1,4,4,4
17031661100,1,1,4,4
17031670100,0,0,0,0
17031670200,0,0,0,0
17031670300,0,0,0,0
17031670400,0,4,4,0
17031670500,4,4,4,0
17031670600,0,4,0,4
17031670700,0,4,0,0
17031670800,4,4,0,0
17031670900,4,4,0,0
17031671100,0,4,0,0
17031671200,0,0,0,0
17031671300,0,4,0,0
17031671400,4,4,4,4
17031671500,0,4,0,0
17031671600,0,4,0,0
17031671800,4,4,4,0
17031671900,4,4,4,0
17031672000,4,4,4,4
17031680500,0,0,0,0
17031680600,0,0,0,0
17031680900,0,0,0,0
17031681000,4,0,0,0
17031681100,0,0,0,0
17031681200,0,0,0,0
17031681300,0,0,0,0
17031681400,4,4,4,0
17031690300,4,0,0,0
17031690400,4,4,0,0
17031690500,4,4,0,0
17031690900,4,4,4,0
17031691000,4,4,4,4
17031691100,0,0,0,0
17031691200,4,0,0,0
17031691300,4,4,4,4
17031691400,4,4,4,4
17031691500,4,0,0,0
17031700100,1,1,4,4
17031700200,1,1,1,3
17031700301,1,1,1,1
17031700302,1,1,1,1
17031700401,1,1,4,4
17031700402,1,1,4,4
17031700501,1,1,4,4
17031700502,1,1,4,4
17031710100,4,0,0,0
17031710200,4,4,0,0
17031710300,4,4,4,4
17031710400,4,4,4,4
17031710500,4,4,4,0
17031710600,4,4,0,0
17031710700,4,4,4,0
17031710800,4,4,4,4
17031710900,4,4,0,4
17031711000,4,4,4,4
17031711100,4,4,4,4
17031711200,4,4,4,4
17031711300,4,4,4,4
17031711400,4,4,4,4
17031711500,4,4,4,4
17031720100,1,1,1,1
17031720200,1,4,4,4
17031720300,1,1,1,1
17031720400,1,1,1,1
17031720500,1,1,1,1
17031720600,1,1,1,1
17031720700,1,1,4,4
17031730100,4,4,4,4
17031730201,4,4,4,4
17031730202,4,4,4,4
17031730300,4,4,4,4
17031730400,4,4,4,4
17031730500,4,4,4,4
17031730600,4,4,4,4
17031730700,4,4,4,4
17031740100,1,1,1,1
17031740200,1,1,1,1
17031740300,1,1,1,1
17031740400,1,1,1,1
17031750100,4,4,4,4
17031750200,1,4,4,4
17031750300,1,1,1,1
17031750400,1,1,1,1
17031750500,4,4,4,4
17031750600,4,4,4,4
17031760801,5,5,2,2
17031760802,5,5,2,1
17031760803,5,5,2,2
17031770201,1,1,1,1
17031770202,1,1,1,1
17031770300,1,1,1,1
17031770400,1,1,1,1
17031770601,1,1,1,1
17031770602,1,1,1,2
17031770800,1,1,1,2
17031770901,1,1,1,1
17031770902,1,1,1,1
17031800100,5,5,5,5
17031800200,5,5,5,1
17031800300,5,5,5,5
17031800400,5,5,5,5
17031800500,5,5,5,5
17031800600,5,5,5,5
17031800700,5,5,5,1
17031800800,5,1,1,1
17031800900,1,1,1,1
17031801000,1,1,1,1
17031801100,1,1,1,1
17031801200,5,5,5,5
17031801300,5,5,5,5
17031801400,1,1,1,1
17031801601,1,1,1,1
17031801605,5,1,1,1
17031801606,5,1,1,1
17031801607,5,5,5,1
17031801608,5,1,1,1
17031801800,1,1,1,1
17031801901,1,1,1,1
17031801902,1,1,1,1
17031802002,1,1,1,1
17031802003,1,5,2,1
17031802004,1,5,2,2
17031802100,1,1,1,1
17031802200,1,1,1,1
17031802300,5,5,5,5
17031802503,1,1,1,2
17031802504,1,1,1,1
17031802505,5,1,2,2
17031802506,5,1,2,3
17031802607,1,1,1,1
17031802609,5,2,2,3
17031802701,1,1,1,1
17031802702,1,1,1,1
17031802801,1,1,1,1
17031802802,1,1,1,1
17031802900,1,1,1,1
17031803005,1,1,1,1
17031803007,1,1,1,1
17031803008,5,1,1,1
17031803014,5,1,1,1
17031803015,5,1,1,1
17031803016,5,1,1,1
17031803017,5,1,1,1
17031803100,1,1,1,1
17031803200,1,1,1,1
17031803300,1,1,1,1
17031803400,1,1,1,1
17031803604,5,1,1,1
17031803605,5,5,1,1
17031803606,5,5,2,3
17031803607,5,1,1,1
17031803608,5,5,5,1
17031803610,5,5,5,1
17031803611,5,5,2,2
17031803612,5,5,2,2
17031803701,1,1,1,5
17031803702,1,1,1,1
17031803800,1,1,1,1
17031803901,1,1,1,1
17031803902,1,1,1,1
17031804000,1,1,1,1
17031804102,5,1,1,1
17031804106,5,1,1,1
17031804108,5,5,5,2
17031804109,5,5,5,1
17031804201,5,5,5,1
17031804202,5,1,1,1
17031804310,1,1,1,1
17031804311,1,1,1,1
17031804403,1,1,1,1
17031804404,1,1,1,1
17031804405,1,3,3,3
17031804406,1,3,3,1
17031804505,1,1,1,1
17031804506,1,1,1,1
17031804507,1,1,1,1
17031804508,1,1,1,3
17031804509,1,1,1,3
17031804510,1,1,3,3
17031804511,1,1,3,3
17031804603,5,5,2,2
17031804606,5,1,1,1
17031804607,5,1,1,1
17031804608,5,5,1,1
17031804609,5,5,1,2
17031804610,5,1,1,1
17031804611,5,1,1,1
17031804701,5,5,1,2
17031804705,5,5,1,2
17031804706,5,1,1,1
17031804709,5,1,2,2
17031804710,5,1,1,1
17031804711,5,5,2,2
17031804712,5,1,1,1
17031804713,5,5,2,2
17031804714,5,5,2,1
17031804715,5,1,2,2
17031804716,5,1,2,1
17031804803,5,1,1,1
17031804804,1,1,1,1
17031804805,1,1,1,1
17031804806,1,1,1,1
17031804807,1,1,1,1
17031804810,1,1,1,1
17031804901,1,1,1,1
17031804902,1,1,1,1
17031805001,1,1,1,1
17031805002,1,2,2,2
17031805105,5,2,2,2
17031805106,5,5,1,1
17031805109,1,1,1,1
17031805110,1,1,1,1
17031805111,5,5,2,2
17031805112,5,1,1,2
17031805201,1,1,1,1
17031805202,1,1,1,1
17031805301,1,1,1,2
17031805302,1,1,1,1
17031805401,1,1,1,1
17031805402,1,1,1,1
17031805501,1,1,1,1
17031805502,1,1,1,1
17031805600,1,1,1,1
17031805701,1,1,1,1
17031805702,1,1,1,1
17031805801,1,1,1,1
17031805802,1,1,1,1
17031805901,1,1,1,1
17031805902,1,1,1,1
17031806001,5,2,2,2
17031806002,5,2,2,2
17031806003,5,2,2,2
17031806004,5,2,2,2
17031806102,1,1,1,1
17031806103,5,1,1,1
17031806104,5,1,1,2
17031806201,1,1,1,5
17031806202,1,1,1,1
17031806300,1,1,1,1
17031806400,1,1,1,1
17031806501,1,2,2,2
17031806502,1,1,1,1
17031806600,1,1,1,1
17031806700,1,1,1,1
17031806801,1,1,1,2
17031806802,1,1,2,1
17031806900,1,1,1,2
17031807000,1,2,2,2
17031807100,1,1,1,1
17031807200,1,1,1,1
17031807300,1,2,2,2
17031807400,1,2,2,2
17031807500,1,2,2,1
17031807600,1,2,2,2
17031807700,1,2,2,2
17031807800,1,1,1,1
17031807900,1,1,1,1
17031808001,1,1,1,1
17031808002,1,1,1,1
17031808100,1,1,1,1
17031808200,1,1,1,1
17031808301,1,1,1,2
17031808302,1,1,1,2
17031808400,1,1,1,1
17031808500,1,1,1,1
17031808600,1,1,1,1
17031808702,5,5,5,5
17031808800,5,5,5,5
17031808900,5,5,1,1
17031809000,1,1,5,1
17031809100,5,5,5,1
17031809200,4,4,4,4
17031809300,5,5,5,5
17031809400,5,5,5,5
17031809500,5,5,5,5
17031809600,4,4,4,1
17031809700,1,1,1,1
17031809800,5,5,5,5
17031809900,5,5,5,5
17031810000,5,5,5,5
17031810100,5,5,5,5
17031810200,5,5,2,2
17031810301,1,1,1,1
17031810302,1,1,1,1
17031810400,1,1,1,1
17031810600,1,1,1,1
17031810701,1,1,2,2
17031810702,1,1,2,2
17031810800,1,1,1,1
17031810900,1,1,1,2
17031811000,1,1,1,1
17031811100,1,1,1,2
17031811200,1,1,1,1
17031811301,1,1,1,1
17031811302,1,2,3,3
17031811401,1,1,1,1
17031811402,1,1,1,1
17031811500,1,1,1,1
17031811600,1,1,2,2
17031811800,1,1,1,1
17031811900,5,5,5,1
17031812000,1,1,1,1
17031812100,1,1,1,1
17031812200,1,1,1,1
17031812301,5,5,5,5
17031812302,5,5,5,5
17031812400,1,5,5,1
17031812500,5,5,5,5
17031812600,5,5,5,5
17031812700,5,5,5,5
17031812801,5,5,5,5
17031812802,5,5,5,5
17031812900,1,1,1,1
17031813000,1,1,1,1
17031813100,1,1,1,1
17031813200,1,1,1,1
17031813301,3,3,3,3
17031813302,3,3,3,3
17031813400,1,2,3,3
17031813500,1,1,3,3
17031813600,1,2,3,3
17031813701,2,3,3,3
17031813702,2,3,3,3
17031813801,2,3,3,3
17031813802,2,3,3,3
17031813900,2,2,3,3
17031814000,1,2,3,3
17031814100,2,3,3,3
17031814200,2,3,3,3
17031814300,1,2,3,3
17031814400,1,1,3,3
17031814500,1,1,3,3
17031814600,1,1,2,3
17031814700,1,1,2,3
17031814800,1,1,2,3
17031814900,1,2,2,3
17031815000,1,1,2,3
17031815100,1,1,3,3
17031815200,1,1,1,1
17031815300,1,1,1,1
17031815400,1,1,1,1
17031815500,1,1,1,3
17031815600,1,1,1,1
17031815701,1,1,1,1
17031815702,1,1,1,1
17031815800,1,1,1,1
17031815900,5,5,2,2
17031816000,2,2,5,5
17031816100,2,2,2,1
17031816200,1,1,1,1
17031816300,1,1,1,3
17031816401,2,3,3,3
17031816402,2,3,3,3
17031816500,1,1,3,3
17031816600,2,3,3,3
17031816700,2,2,3,3
17031816800,1,1,1,1
17031816900,1,1,4,4
17031817000,1,4,4,4
17031817101,1,4,4,4
17031817102,1,4,4,4
17031817200,4,4,4,4
17031817300,4,4,4,0
17031817400,1,3,3,3
17031817500,4,4,4,0
17031817600,4,4,4,4
17031817700,4,4,4,4
17031817900,1,4,4,4
17031818000,1,1,1,1
17031818100,1,1,1,1
17031818200,1,1,1,1
17031818300,1,1,1,4
17031818401,1,1,1,1
17031818402,1,1,1,1
17031818600,1,1,1,1
17031818700,1,1,1,1
17031818800,1,1,1,1
17031818900,1,1,1,1
17031819000,5,1,1,1
17031819100,1,1,1,1
17031819200,1,1,1,1
17031819300,1,1,1,1
17031819400,1,1,1,1
17031819500,5,1,1,1
17031819600,1,1,1,1
17031819700,1,1,1,1
17031819801,1,1,1,1
17031819802,1,1,1,1
17031819900,1,1,1,1
17031820000,1,5,5,1
17031820101,5,1,1,1
17031820103,1,1,1,1
17031820104,1,1,1,1
17031820300,1,2,3,3
17031820400,3,3,3,3
17031820501,1,1,1,1
17031820502,1,1,1,1
17031820603,1,1,1,1
17031820604,1,1,1,1
17031820700,1,1,1,1
17031820800,1,1,1,1
17031821001,1,1,1,1
17031821002,1,1,1,1
17031821101,1,1,1,1
17031821102,1,1,1,1
17031821200,1,4,4,4
17031821300,1,2,3,3
17031821500,1,4,0,0
17031821600,1,1,1,4
17031821700,1,1,1,1
17031821800,1,1,1,1
17031821900,1,1,1,1
17031822000,1,1,1,1
17031822101,1,1,1,1
17031822102,1,1,1,1
17031822200,1,1,1,1
17031822301,1,1,1,1
17031822302,1,1,1,1
17031822400,1,1,1,1
17031822500,1,1,1,1
17031822601,1,1,1,1
17031822602,1,1,1,1
17031822701,1,1,1,1
17031822702,1,1,1,1
17031822801,1,1,1,1
17031822802,1,1,1,1
17031822900,1,1,1,1
17031823001,1,1,1,1
17031823002,1,1,1,1
17031823101,1,1,1,1
17031823102,1,1,1,1
17031823200,1,1,1,1
17031823302,1,1,1,1
17031823303,1,1,1,1
17031823304,1,1,1,1
17031823400,1,1,1,3
17031823500,1,1,1,1
17031823602,1,1,1,1
17031823603,4,4,4,0
17031823604,1,1,1,1
17031823605,1,1,1,1
17031823703,1,1,1,1
17031823704,1,1,1,1
17031823705,1,1,1,1
17031823801,1,1,1,1
17031823903,1,1,1,1
17031823904,1,1,1,1
17031824003,1,1,1,1
17031824004,1,1,1,1
17031824005,1,1,1,1
17031824006,1,1,1,1
17031824105,5,1,1,1
17031824106,5,1,1,1
17031824107,5,1,1,1
17031824113,1,1,1,1
17031824114,1,1,1,1
17031824115,1,1,1,1
17031824116,1,1,1,1
17031824300,4,4,4,4
17031824400,4,4,1,1
17031824503,5,1,1,1
17031824506,5,1,1,1
17031824507,1,1,1,1
17031824601,1,1,1,1
17031824602,1,1,1,1
17031824701,1,1,1,1
17031824702,1,1,1,4
17031824800,1,1,1,4
17031824900,4,4,4,4
17031825000,1,1,1,1
17031825200,1,1,1,1
17031825302,1,1,1,1
17031825303,1,1,1,1
17031825304,1,1,1,1
17031825400,1,1,1,1
17031825501,1,4,4,4
17031825503,1,1,4,4
17031825504,1,4,4,4
17031825505,1,1,4,4
17031825600,4,4,4,4
17031825700,1,1,4,4
17031825801,1,4,4,4
17031825802,1,1,4,4
17031825803,1,1,4,4
17031825900,1,1,4,4
17031826000,1,1,4,4
17031826100,1,1,4,4
17031826301,1,1,4,4
17031826303,1,1,4,4
17031826304,1,4,4,4
17031826401,1,1,4,4
17031826402,1,1,4,4
17031826500,1,1,4,4
17031826600,1,1,4,4
17031826700,1,4,4,0
17031826800,4,4,4,4
17031826901,4,0,0,0
17031826902,4,0,4,0
17031827000,4,4,4,4
17031827100,4,4,4,0
17031827300,0,0,0,0
17031827400,4,4,4,0
17031827500,4,4,4,4
17031827600,4,4,4,4
17031827700,1,1,4,0
17031827801,1,1,1,4
17031827802,1,1,1,4
17031827804,1,1,1,4
17031827805,1,1,1,4
17031828000,1,1,1,1
17031828100,1,1,1,1
17031828201,1,1,1,4
17031828202,1,1,1,1
17031828401,1,1,1,1
17031828402,1,1,1,1
17031828503,1,1,1,4
17031828504,1,1,1,4
17031828505,1,1,1,1
17031828506,1,1,1,4
17031828601,1,1,1,1
17031828701,1,1,1,4
17031828702,1,1,1,4
17031828801,1,1,1,1
17031828802,1,1,1,1
17031828900,2,1,3,4
17031829000,0,0,0,0
17031829100,3,3,3,3
17031829200,1,1,1,4
17031829301,1,1,1,1
17031829302,1,4,4,0
17031829401,4,4,4,0
17031829402,4,1,4,4
17031829500,1,1,1,4
17031829600,1,1,1,1
17031829700,0,4,4,4
17031829800,1,1,1,1
17031830001,1,1,1,1
17031830003,1,4,4,4
17031830004,1,1,1,4
17031830005,1,1,1,1
17031830006,1,1,1,4
17031830100,1,1,1,4
17031830300,1,1,4,4
17031830400,1,1,1,4
17031830500,3,3,3,3
17031830600,2,2,3,2
17031830700,0,2,2,5
17031830800,2,2,5,5
17031830900,3,3,3,5
17031831000,3,2,5,5
17031831100,2,2,2,3
17031831200,3,3,3,3
17031831300,3,0,0,3
17031831400,4,2,4,4
17031831500,1,1,1,3
17031831600,1,1,2,3
17031831700,1,2,2,2
17031831800,2,2,2,2
17031831900,2,5,5,5
17031832000,2,5,5,5
17031832100,2,5,5,5
17031832200,3,3,5,5
17031832300,3,3,5,5
17031832400,3,3,3,5
17031832500,2,5,5,5
17031832600,0,5,5,5
17031832900,5,5,5,5
17031833000,0,0,5,5
17031833100,0,0,4,5
17031833300,2,2,2,2
17031833900,3,3,0,0
17031834000,4,4,4,4
17031834200,4,4,4,0
17031834300,4,4,4,4
17031834400,0,0,0,0
17031834500,0,0,0,0
17031834600,0,0,0,0
17031834700,0,0,0,0
17031834800,0,0,0,0
17031834900,4,4,0,0
17031835000,2,3,0,0
17031835100,1,3,3,3
17031835200,1,1,1,2
17031835500,4,4,0,0
17031835600,0,0,0,0
17031835800,0,0,0,0
17031835900,0,0,0,0
17031836000,0,0,0,4
17031836100,0,0,0,0
17031836200,5,5,5,5
17031836300,5,5,4,4
17031836400,0,0,0,4
17031836500,0,0,0,0
17031836600,3,3,0,3
17031836700,0,0,0,4
17031836800,0,0,0,0
17031836900,0,0,0,0
17031837000,0,0,0,0
17031837100,0,0,4,4
17031837300,0,0,0,0
17031837400,0,0,0,0
17031837800,0,0,0,4
17031838000,0,0,0,4
17031838100,2,0,2,2
17031838200,2,2,0,2
17031838300,0,0,0,5
17031838600,0,0,0,0
17031838700,0,0,0,0
17031838800,3,3,3,3
17031839000,5,5,5,5
17031839100,5,5,5,5
17031839200,4,0,0,4
17031839500,0,0,0,4
17031839600,0,0,4,4
17031839700,2,2,2,2
17031839800,2,2,2,2
17031839900,4,2,2,2
17031840000,2,2,2,2
17031840100,2,2,2,2
17031840200,2,2,2,2
17031840300,2,3,3,3
17031840400,2,2,2,2
17031840700,3,3,3,3
17031840800,3,3,3,3
17031841100,2,2,2,2
17031841200,3,3,3,3
17031841300,3,3,3,3
17031841400,4,0,0,0
17031841500,0,0,0,0
17031841600,0,0,0,0
17031841700,3,3,0,0
17031841800,4,0,0,0
17031841900,0,5,4,5
17031842000,2,2,0,5
17031842100,2,3,4,4
17031842300,3,3,5,5
17031842400,4,4,4,4
17031842500,4,0,0,0
17031842600,3,3,3,2
17031842800,2,2,3,3
17031842900,0,0,0,0
17031843000,0,0,0,0
17031843100,0,0,0,0
17031843200,3,3,3,3
17031843300,0,0,0,0
17031843400,4,4,4,4
17031843500,3,3,3,4
17031843600,0,0,0,0
17031843700,2,2,2,5
17031843800,0,0,0,0
17031843900,0,0,0,4
