geoid,1980,1990,2000,2010,Sequence
06037101110,3,3,3,3,3
06037101122,3,3,3,3,3
06037101210,4,4,4,4,1
06037101220,4,4,3,4,2
06037101300,3,3,3,3,3
06037101400,3,3,3,3,3
06037102103,3,3,3,3,3
06037102104,3,3,3,3,3
06037102105,3,3,3,1,0
06037102107,3,3,3,3,3
06037103101,3,3,3,3,3
06037103102,3,3,3,3,3
06037103200,3,3,3,3,3
06037103300,3,3,3,2,0
06037103400,3,3,3,3,3
06037104103,0,3,1,1,2
06037104105,1,1,1,1,1
06037104108,1,1,1,1,1
06037104124,0,3,3,3,0
06037104201,1,1,1,1,1
06037104203,0,1,1,1,0
06037104204,0,1,1,1,0
06037104310,1,1,1,1,1
06037104320,1,1,1,1,1
06037104401,1,1,1,1,1
06037104403,1,1,1,1,1
06037104404,1,1,1,1,1
06037104500,1,1,1,1,1
06037104610,1,1,1,1,1
06037104620,1,1,1,1,1
06037104701,1,1,1,1,1
06037104703,1,1,1,1,1
06037104704,1,1,1,1,1
06037104810,1,1,1,1,1
06037104821,1,1,1,1,1
06037104822,1,1,1,1,1
06037106010,3,3,3,3,3
06037106020,3,3,3,3,3
06037106111,3,3,3,3,3
06037106112,3,3,3,3,3
06037106113,3,3,3,3,3
06037106114,3,3,1,1,0
06037106403,3,1,1,1,0
06037106405,3,3,3,4,0
06037106406,3,3,3,3,3
06037106407,3,1,1,4,2
06037106408,3,3,1,1,0
06037106510,3,3,3,3,3
06037106520,3,3,1,1,0
06037106603,2,3,3,3,0
06037106604,1,1,1,1,1
06037106641,3,3,3,3,3
06037106642,3,3,3,3,3
06037106643,3,3,3,3,3
06037106645,3,3,3,3,3
06037106646,3,3,3,3,3
06037106648,1,1,1,1,1
06037106649,1,1,1,3,0
06037107010,3,1,1,1,0
06037107020,1,1,1,1,1
06037108101,3,3,3,3,3
06037108102,3,3,3,3,3
06037108103,3,3,3,3,3
06037108104,3,3,3,3,3
06037108201,3,3,3,3,3
06037108202,3,3,3,2,0
06037109100,3,3,3,3,3
06037109200,3,3,3,3,3
06037109300,3,3,3,3,3
06037109400,3,3,3,3,3
06037109500,1,1,1,1,1
06037109601,3,3,3,3,3
06037109603,3,3,3,3,3
06037109604,3,3,3,3,3
06037109700,3,3,3,3,3
06037109800,3,3,3,3,3
06037111100,3,3,3,3,3
06037111201,3,3,3,3,3
06037111202,3,3,3,3,3
06037111204,3,3,3,3,3
06037111205,3,3,3,3,3
06037111206,3,3,3,3,3
06037111301,3,3,3,4,0
06037111302,2,2,2,2,1
06037111400,3,3,3,3,3
06037113101,3,3,3,3,3
06037113102,3,3,3,3,3
06037113211,3,3,3,3,3
06037113212,3,3,3,3,3
06037113213,3,3,3,3,3
06037113231,3,3,3,3,3
06037113232,3,3,3,3,3
06037113233,3,4,4,4,0
06037113234,3,4,4,4,0
06037113235,2,3,3,2,2
06037113237,2,3,3,3,0
06037113301,2,2,2,2,1
06037113303,3,3,3,3,3
06037113321,3,4,3,4,2
06037113322,3,3,3,3,3
06037113401,3,3,3,3,3
06037113421,3,4,4,4,0
06037113422,3,3,3,3,3
06037115101,2,2,2,2,1
06037115104,2,2,4,4,0
06037115201,2,2,4,3,2
06037115202,3,2,3,4,2
06037115301,2,2,2,3,0
06037115302,1,1,1,1,1
06037115401,2,2,3,4,2
06037115403,3,4,4,4,0
06037115404,3,4,4,4,0
06037117101,3,4,4,4,0
06037117102,3,4,4,3,2
06037117201,3,3,3,1,0
06037117202,3,3,3,3,3
06037117301,3,3,3,3,3
06037117302,3,3,3,3,3
06037117303,3,3,3,3,3
06037117404,3,3,3,3,3
06037117405,4,4,1,1,0
06037117407,4,4,1,1,0
06037117408,4,4,1,1,0
06037117510,4,4,1,1,0
06037117520,4,4,1,4,2
06037117530,4,4,4,1,0
06037119001,3,3,3,3,3
06037119002,3,1,1,1,0
06037119201,3,1,1,1,0
06037119202,1,1,1,1,1
06037119310,4,4,4,1,0
06037119320,4,4,4,4,1
06037119340,4,4,1,1,0
06037119341,4,4,4,4,1
06037119342,4,4,4,1,0
06037119400,3,3,1,1,0
06037119700,3,3,3,3,3
06037119800,3,3,1,1,0
06037119900,3,3,3,1,0
06037120010,3,1,1,1,0
06037120020,4,1,1,1,0
06037120030,4,1,1,1,0
06037120103,4,4,1,1,0
06037120104,4,4,1,1,0
06037120105,4,4,1,1,0
06037120106,4,4,1,1,0
06037120108,4,4,1,4,2
06037120300,3,3,3,3,3
06037120400,3,4,4,4,0
06037121010,3,3,3,3,3
06037121020,3,3,1,4,2
06037121101,1,1,1,4,0
06037121102,3,3,3,3,3
06037121210,3,1,1,1,0
06037121221,1,1,1,1,1
06037121222,1,1,1,1,1
06037121600,3,3,3,3,3
06037121801,3,1,1,4,2
06037121802,3,1,1,1,0
06037121900,3,1,1,1,0
06037122000,3,3,3,3,3
06037122120,1,1,1,1,1
06037122121,1,1,1,1,1
06037122122,1,1,1,1,1
06037122200,1,1,1,1,1
06037122410,4,1,1,1,0
06037122420,4,1,1,1,0
06037123010,1,1,1,1,1
06037123020,1,1,1,1,1
06037123103,4,4,4,4,1
06037123104,4,4,4,4,1
06037123203,1,1,1,1,1
06037123204,1,1,1,1,1
06037123205,1,1,1,1,1
06037123206,1,1,1,1,1
06037123301,4,4,4,4,1
06037123303,4,4,1,4,2
06037123304,4,4,4,4,1
06037123410,4,4,1,4,2
06037123420,4,4,1,4,2
06037123510,3,4,4,4,0
06037123520,3,4,4,4,0
06037123601,3,3,4,4,0
06037123602,3,2,3,3,2
06037123700,3,3,3,3,3
06037123800,2,2,3,3,0
06037123901,3,4,4,3,2
06037123902,3,4,4,4,0
06037124000,2,2,2,2,1
06037124102,4,4,4,4,1
06037124103,4,4,4,1,0
06037124104,4,4,4,4,1
06037124105,4,4,4,4,1
06037124201,3,3,3,3,3
06037124203,4,4,1,1,0
06037124204,4,4,1,4,2
06037124300,4,1,4,4,2
06037124400,2,2,3,2,2
06037124500,2,2,2,2,1
06037124600,2,2,2,2,1
06037124700,2,2,2,2,1
06037124902,2,2,4,2,2
06037124903,2,2,4,4,0
06037125100,2,2,2,2,1
06037125200,2,2,3,2,2
06037125310,4,4,4,4,1
06037125320,4,4,4,4,1
06037125401,2,2,4,4,0
06037125402,2,2,4,2,2
06037125501,2,2,2,4,0
06037125502,2,2,2,2,1
06037125600,2,2,2,2,1
06037127102,4,4,4,4,1
06037127103,4,4,4,1,0
06037127104,4,4,4,4,1
06037127210,4,4,4,4,1
06037127220,4,4,4,4,1
06037127300,4,4,4,4,1
06037127400,4,4,4,1,0
06037127603,4,4,4,4,1
06037127604,4,4,4,4,1
06037127605,3,4,4,4,0
06037127606,3,4,4,4,0
06037127711,4,4,4,4,1
06037127712,4,4,4,4,1
06037127803,2,4,4,4,0
06037127804,2,4,4,4,0
06037127805,2,4,4,4,0
06037127806,2,4,4,4,0
06037127910,3,4,4,4,0
06037127920,3,4,4,4,0
06037128101,3,4,4,3,2
06037128102,3,4,4,4,0
06037128210,4,4,1,4,2
06037128220,4,4,4,4,1
06037128302,4,1,1,1,0
06037128303,4,1,1,4,2
06037128400,3,3,3,3,3
06037128500,2,2,2,2,1
06037128601,2,2,3,4,2
06037128602,2,2,4,2,2
06037128702,2,2,2,2,1
06037128801,2,2,2,2,1
06037128802,2,2,2,2,1
06037128910,2,2,2,2,1
06037131010,3,4,4,4,0
06037131020,3,4,4,4,0
06037131100,3,3,3,3,3
06037131200,3,3,3,3,3
06037131300,3,3,3,3,3
06037131400,3,3,3,4,0
06037131600,3,3,3,3,3
06037131701,4,3,3,4,2
06037131702,4,3,3,4,2
06037131800,3,3,3,4,0
06037131900,3,3,3,3,3
06037132001,3,3,3,3,3
06037132002,3,3,3,3,3
06037132101,3,4,3,3,2
06037132102,3,4,4,3,2
06037132300,3,4,4,4,0
06037132501,3,3,3,4,0
06037132502,3,3,3,4,0
06037132700,3,3,3,4,0
06037132900,3,3,3,3,3
06037133000,3,3,3,4,0
06037133100,3,3,3,3,3
06037134001,3,4,4,1,2
06037134002,3,4,4,1,2
06037134101,3,3,3,3,3
06037134103,3,3,3,4,0
06037134104,3,3,4,4,0
06037134201,3,3,3,3,3
06037134302,3,3,3,3,3
06037134303,3,3,3,3,3
06037134304,3,4,3,3,2
06037134305,3,4,1,1,2
06037134306,3,4,4,4,0
06037134421,3,3,3,3,3
06037134422,3,3,3,3,3
06037134423,3,3,3,3,3
06037134424,3,3,3,2,0
06037134520,4,4,4,4,1
06037134521,4,4,1,1,0
06037134522,4,4,1,4,2
06037134710,3,4,4,1,2
06037134720,3,4,3,4,2
06037134800,3,3,3,3,3
06037134901,3,3,3,3,3
06037134904,3,4,4,4,0
06037134905,3,4,4,2,2
06037135102,3,3,3,3,3
06037135111,2,3,3,3,0
06037135113,2,2,2,4,0
06037135114,2,2,2,4,0
06037135201,3,3,3,3,3
06037135202,3,3,3,3,3
06037135203,3,3,3,3,3
06037137103,2,2,2,2,1
06037137104,2,2,2,2,1
06037137201,2,2,2,3,0
06037137301,3,2,2,2,0
06037137302,3,3,2,2,0
06037137401,3,2,2,3,2
06037137402,3,2,2,2,0
06037137501,2,2,2,2,1
06037137502,3,2,2,2,0
06037137504,2,2,2,2,1
06037138000,2,2,2,2,1
06037139001,3,2,2,2,0
06037139200,2,2,2,4,0
06037139301,2,2,2,2,1
06037139302,2,4,4,4,0
06037139303,2,2,4,4,0
06037139401,2,2,2,4,0
06037139402,2,2,2,2,1
06037139502,2,2,2,2,1
06037139503,2,2,2,4,0
06037139504,2,2,2,2,1
06037139600,2,2,2,2,1
06037139701,2,2,2,2,1
06037139702,2,2,2,2,1
06037139703,2,2,2,2,1
06037139801,2,2,2,2,1
06037139802,2,2,2,2,1
06037141101,2,2,2,2,1
06037141102,2,2,2,2,1
06037141201,2,2,2,2,1
06037141202,2,2,2,2,1
06037141302,2,2,2,2,1
06037141303,2,2,2,2,1
06037141304,2,2,2,2,1
06037141400,2,2,2,2,1
06037141500,2,2,2,2,1
06037141600,2,2,2,2,1
06037141700,2,2,2,2,1
06037143100,2,2,2,2,1
06037143200,2,2,2,4,0
06037143300,2,2,2,2,1
06037143400,2,2,2,2,1
06037143500,2,2,2,2,1
06037143602,2,2,2,2,1
06037143603,2,2,2,2,1
06037143604,2,2,2,4,0
06037143700,2,2,2,2,1
06037143800,2,2,2,2,1
06037143901,2,2,2,2,1
06037143902,2,2,2,2,1
06037181000,3,3,3,3,3
06037181300,3,3,3,3,3
06037181400,3,4,4,4,0
06037181500,3,3,3,3,3
06037181600,3,3,3,3,3
06037183101,1,1,3,3,0
06037183103,4,4,4,4,1
06037183104,4,4,4,3,0
06037183220,4,4,1,1,0
06037183221,4,4,3,3,0
06037183222,4,4,3,3,0
06037183300,1,1,1,3,0
06037183401,3,4,4,3,2
06037183402,3,4,4,4,0
06037183510,1,1,1,1,1
06037183520,1,1,1,1,1
06037183610,1,1,1,1,1
06037183620,1,1,1,1,1
06037183701,4,4,4,4,1
06037183702,4,4,4,3,0
06037183810,1,1,1,1,1
06037183820,1,1,1,1,1
06037185100,3,3,3,3,3
06037185202,1,1,4,1,2
06037185203,1,1,3,1,2
06037185204,1,1,3,3,0
06037185310,1,1,1,1,1
06037185320,1,1,1,1,1
06037186100,3,3,3,3,3
06037186201,3,3,3,4,0
06037186202,3,3,3,4,0
06037186203,3,3,3,3,3
06037186301,1,1,1,4,0
06037186302,4,3,3,3,0
06037186401,1,1,1,1,1
06037186403,1,1,1,3,0
06037186404,1,1,1,4,0
06037187101,4,4,4,3,0
06037187102,4,4,4,4,1
06037187200,1,1,1,1,1
06037187300,4,4,2,2,0
06037188100,4,4,4,4,1
06037188201,2,2,2,2,1
06037188202,2,2,2,2,1
06037188300,3,3,3,2,0
06037189101,2,2,2,2,1
06037189102,2,2,2,2,1
06037189201,2,2,2,2,1
06037189202,2,2,2,2,1
06037189300,2,2,2,2,1
06037189400,2,2,2,2,1
06037189500,2,2,2,2,1
06037189600,2,2,2,2,1
06037189701,2,2,2,2,1
06037189702,2,2,2,2,1
06037189800,2,2,2,2,1
06037189902,2,4,2,2,2
06037189903,2,2,2,2,1
06037189905,2,2,2,2,1
06037190100,4,4,2,2,0
06037190202,2,4,4,4,0
06037190301,4,4,4,4,1
06037190510,4,4,4,4,1
06037190520,4,4,4,4,1
06037190700,4,4,4,4,1
06037190801,4,4,4,4,1
06037190802,4,4,4,4,1
06037190901,4,4,4,4,1
06037190902,4,4,4,4,1
06037191000,4,4,4,4,1
06037191110,4,4,4,4,1
06037191120,4,4,4,4,1
06037191201,4,4,4,4,1
06037191203,4,4,4,4,1
06037191204,4,4,4,4,1
06037191301,4,4,4,4,1
06037191302,4,4,4,4,1
06037191410,4,4,4,4,1
06037191420,4,4,4,4,1
06037191500,4,4,4,4,1
06037191610,4,4,4,4,1
06037191620,4,4,4,4,1
06037191710,4,4,4,4,1
06037191720,4,4,4,4,1
06037191810,4,4,4,4,1
06037191820,4,4,4,4,1
06037191901,4,2,4,2,2
06037191902,4,2,4,2,2
06037192001,2,2,2,2,1
06037192002,2,2,2,2,1
06037192300,2,2,2,2,1
06037192410,4,4,2,2,0
06037192420,4,4,4,4,1
06037192510,4,4,4,4,1
06037192520,4,4,4,4,1
06037192610,4,4,4,4,1
06037192620,4,4,4,4,1
06037192700,4,4,4,4,1
06037194101,2,2,2,2,1
06037194102,2,2,2,2,1
06037194200,2,2,2,2,1
06037194300,2,2,2,2,1
06037194401,2,2,2,2,1
06037194402,2,2,2,2,1
06037194500,2,2,2,2,1
06037195100,2,2,2,2,1
06037195201,2,2,2,2,1
06037195202,2,2,2,2,1
06037195300,4,4,4,2,0
06037195400,4,4,2,2,0
06037195500,4,4,4,3,0
06037195600,4,4,4,4,1
06037195710,4,4,1,4,2
06037195720,4,4,4,4,1
06037195802,4,4,4,4,1
06037195803,4,4,4,4,1
06037195804,4,4,4,4,1
06037195901,4,4,4,4,1
06037195902,4,4,4,2,0
06037195903,4,4,4,4,1
06037197200,4,4,3,4,2
06037197300,4,4,4,3,0
06037197410,4,4,4,3,0
06037197420,4,4,4,4,1
06037197500,4,4,4,4,1
06037197600,1,4,4,4,0
06037197700,4,4,4,4,1
06037199000,1,1,1,4,0
06037199110,1,1,1,1,1
06037199120,1,1,1,4,0
06037199201,1,1,1,1,1
06037199202,1,1,1,1,1
06037199300,1,1,1,3,0
06037199400,1,1,1,1,1
06037199700,1,1,1,1,1
06037199800,1,1,1,1,1
06037199900,1,1,1,1,1
06037201110,1,1,1,1,1
06037201120,1,1,1,1,1
06037201200,1,1,1,1,1
06037201301,1,1,1,1,1
06037201302,1,4,4,2,2
06037201401,1,1,1,1,1
06037201402,1,3,3,1,2
06037201501,1,1,1,1,1
06037201503,1,1,1,1,1
06037201504,1,1,1,1,1
06037201601,1,1,1,1,1
06037201602,1,1,1,1,1
06037201700,1,4,4,4,0
06037203100,1,1,1,1,1
06037203200,1,1,1,1,1
06037203300,4,1,1,1,0
06037203500,1,1,1,4,0
06037203600,1,1,1,1,1
06037203710,1,1,1,1,1
06037203720,1,1,1,1,1
06037203800,1,1,1,1,1
06037203900,1,1,1,1,1
06037204110,1,1,1,1,1
06037204120,1,1,1,1,1
06037204200,1,1,1,1,1
06037204300,1,1,1,1,1
06037204410,1,1,1,1,1
06037204420,1,1,1,1,1
06037204600,1,1,1,1,1
06037204700,1,1,1,1,1
06037204810,1,1,1,1,1
06037204820,1,1,1,1,1
06037204910,1,1,1,1,1
06037204920,1,1,1,1,1
06037205120,1,1,1,1,1
06037206010,4,4,4,4,1
06037206031,1,1,4,4,0
06037206032,1,1,4,4,0
06037206050,1,1,4,1,2
06037206200,4,4,0,4,2
06037207103,4,4,4,4,1
06037207501,2,2,2,2,1
06037207710,4,4,4,4,1
06037207900,1,4,4,4,0
06037208000,1,1,1,4,0
06037208301,4,1,1,1,0
06037208302,4,1,1,1,0
06037208401,4,4,4,1,0
06037208402,4,4,4,4,1
06037208501,4,4,4,4,1
06037208502,4,4,4,4,1
06037208610,4,4,4,4,1
06037208620,4,4,4,4,1
06037208710,4,4,4,4,1
06037208720,4,4,1,4,2
06037208802,4,4,4,4,1
06037208903,4,1,1,1,0
06037209102,1,1,1,1,1
06037209200,4,1,1,4,2
06037209300,4,1,1,4,2
06037209402,1,1,1,1,1
06037209520,4,4,1,1,0
06037209810,1,1,4,4,0
06037209820,1,1,1,1,1
06037210010,1,1,1,1,1
06037211000,2,2,2,2,1
06037211120,4,4,4,4,1
06037211121,4,4,4,4,1
06037211122,4,4,4,4,1
06037211201,4,4,4,4,1
06037211202,4,4,4,4,1
06037211310,4,4,1,4,2
06037211320,4,4,4,4,1
06037211410,4,4,4,4,1
06037211420,4,4,4,4,1
06037211500,2,2,4,4,0
06037211701,2,2,4,4,0
06037211703,2,4,4,4,0
06037211704,2,4,4,4,0
06037211802,4,4,4,4,1
06037211803,4,4,4,4,1
06037211910,4,4,4,4,1
06037211922,4,4,4,4,1
06037212101,4,4,4,4,1
06037212202,4,4,1,4,2
06037212203,4,1,1,4,2
06037212204,4,1,1,4,2
06037212306,4,4,4,4,1
06037212410,4,4,4,4,1
06037212420,4,4,4,4,1
06037212502,4,4,4,4,1
06037212610,4,4,4,4,1
06037212620,4,4,4,4,1
06037212701,4,4,4,4,1
06037212702,4,4,4,2,0
06037212800,4,4,4,4,1
06037212900,4,4,4,4,1
06037213100,4,4,4,4,1
06037213201,4,4,4,4,1
06037213202,4,4,4,4,1
06037213310,4,4,4,4,1
06037213320,4,4,4,4,1
06037213401,4,4,4,4,1
06037213402,4,4,4,4,1
06037214000,2,2,2,2,1
06037214100,2,2,2,2,1
06037214400,2,2,2,2,1
06037214501,2,2,2,2,1
06037214600,2,2,2,2,1
06037214700,2,2,2,2,1
06037214800,2,2,2,2,1
06037214901,2,2,2,2,1
06037214902,2,2,2,2,1
06037216100,2,2,2,2,1
06037216200,4,2,2,2,0
06037216300,2,2,2,2,1
06037216401,2,2,2,2,1
06037216402,2,2,2,2,1
06037216700,0,0,0,0,1
06037216800,2,2,2,2,1
06037216900,0,0,0,2,0
06037217001,2,2,2,2,1
06037217002,2,2,2,2,1
06037217100,0,0,0,4,0
06037217200,0,0,0,4,0
06037218110,4,4,4,4,1
06037218120,4,4,4,4,1
06037218210,0,0,4,4,0
06037218220,0,0,0,4,0
06037218300,0,0,0,0,1
06037218400,0,0,0,0,1
06037218500,0,0,0,0,1
06037218600,0,0,0,0,1
06037218701,0,0,0,0,1
06037218702,0,0,0,0,1
06037218800,0,0,0,0,1
06037218900,0,0,0,0,1
06037219010,0,0,0,0,1
06037219020,0,0,0,0,1
06037219300,0,0,0,0,1
06037219500,3,3,3,0,0
06037219700,0,0,0,0,1
06037219800,0,0,0,4,0
06037219901,0,0,0,1,0
06037219902,0,0,0,4,0
06037220000,0,0,0,0,1
06037220100,0,0,0,0,1
06037221110,1,1,1,1,1
06037221120,1,1,1,1,1
06037221210,1,1,1,4,0
06037221220,1,1,1,1,1
06037221302,4,4,4,4,1
06037221303,4,4,4,4,1
06037221304,4,4,4,4,1
06037221401,0,0,0,0,1
06037221402,0,0,0,4,0
06037221500,0,0,4,4,0
06037221601,1,1,1,4,0
06037221602,1,1,1,1,1
06037221710,1,1,1,1,1
06037221810,4,4,4,4,1
06037221820,4,4,4,4,1
06037221900,4,4,4,4,1
06037222001,0,0,0,0,1
06037222002,0,0,0,0,1
06037222100,0,0,0,0,1
06037222200,0,0,0,4,0
06037222500,0,0,0,1,0
06037222600,0,0,0,4,0
06037224010,1,1,1,4,0
06037224020,1,1,1,1,1
06037224200,1,1,1,4,0
06037224310,1,1,1,4,0
06037224320,1,1,1,1,1
06037224410,1,1,4,4,0
06037224420,1,1,4,4,0
06037224600,1,1,1,1,1
06037226001,1,1,1,1,1
06037226002,1,1,1,4,0
06037226410,1,1,1,1,1
06037226420,1,1,1,1,1
06037226700,1,1,1,1,1
06037227010,1,1,1,1,1
06037227020,1,1,1,1,1
06037228100,1,1,1,1,1
06037228210,0,1,1,1,0
06037228220,0,1,1,1,0
06037228310,0,1,1,1,0
06037228320,0,1,1,1,0
06037228410,1,1,1,1,1
06037228420,1,1,1,1,1
06037228500,0,1,1,1,0
06037228600,0,1,1,1,0
06037228710,0,1,1,1,0
06037228720,0,1,1,1,0
06037228800,0,1,1,1,0
06037228900,0,1,1,1,0
06037229100,0,1,1,1,0
06037229200,0,0,1,1,0
06037229300,0,1,1,1,0
06037229410,0,1,1,1,0
06037229420,0,1,1,1,0
06037231100,1,1,1,1,1
06037231210,0,0,0,1,0
06037231220,0,0,0,1,0
06037231300,0,0,0,0,1
06037231400,0,0,0,0,1
06037231500,0,0,0,0,1
06037231600,0,0,0,1,0
06037231710,0,1,1,1,0
06037231720,0,1,1,1,0
06037231800,1,1,1,1,1
06037231900,0,1,1,1,0
06037232110,0,0,0,1,0
06037232120,0,0,1,1,0
06037232200,0,0,0,0,1
06037232300,0,0,0,0,1
06037232400,0,0,0,0,1
06037232500,0,0,0,0,1
06037232600,0,0,0,0,1
06037232700,0,0,0,1,0
06037232800,0,1,1,1,0
06037234000,0,0,0,0,1
06037234200,3,3,0,0,0
06037234300,0,0,0,0,1
06037234501,0,0,0,0,1
06037234502,0,0,0,0,1
06037234600,0,0,0,0,1
06037234700,0,0,0,0,1
06037234800,0,0,0,0,1
06037234901,0,0,0,0,1
06037234902,0,0,0,0,1
06037235100,0,0,0,0,1
06037235201,0,0,0,0,1
06037235202,0,0,0,0,1
06037236000,2,2,0,0,0
06037236100,0,0,0,0,1
06037236202,0,0,0,0,1
06037236400,0,0,0,0,1
06037237101,0,0,0,0,1
06037237102,0,0,0,0,1
06037237201,0,0,0,1,0
06037237202,0,0,0,0,1
06037237300,0,0,0,0,1
06037237401,0,0,0,0,1
06037237402,0,0,0,0,1
06037237500,0,0,0,1,0
06037237600,0,0,1,1,0
06037237710,0,0,0,0,1
06037237720,0,0,1,1,0
06037237800,0,0,0,0,1
06037237900,0,0,0,0,1
06037238000,0,0,0,0,1
06037238100,0,0,0,0,1
06037238200,0,0,0,0,1
06037238310,0,0,0,1,0
06037238320,0,0,0,0,1
06037238400,0,0,0,0,1
06037239201,0,0,1,1,0
06037239202,0,1,1,1,0
06037239310,0,0,1,1,0
06037239320,0,0,1,1,0
06037239330,0,0,1,1,0
06037239501,0,0,0,0,1
06037239502,0,0,0,1,0
06037239601,0,1,1,1,0
06037239602,0,1,1,1,0
06037239701,0,0,0,1,0
06037239702,0,0,0,1,0
06037239801,0,0,0,1,0
06037239802,0,0,0,1,0
06037240010,0,0,0,1,0
06037240020,0,0,0,1,0
06037240200,0,0,0,0,1
06037240300,0,0,0,0,1
06037240401,0,0,0,0,1
06037240402,0,0,0,0,1
06037240500,0,0,0,0,1
06037240600,0,0,0,0,1
06037240700,0,0,0,0,1
06037240800,0,0,0,0,1
06037240900,0,0,0,1,0
06037241001,0,0,0,0,1
06037241002,0,0,0,0,1
06037241110,0,0,0,1,0
06037241120,0,0,0,0,1
06037241201,0,0,0,0,1
06037241202,0,0,0,0,1
06037241300,0,0,0,0,1
06037241400,0,0,0,0,1
06037242000,0,0,0,0,1
06037242200,0,0,0,1,0
06037242300,0,0,0,1,0
06037242600,0,0,0,0,1
06037242700,0,0,0,1,0
06037243000,0,1,1,1,0
06037243100,0,0,0,1,0
06037261101,2,2,2,2,1
06037261102,2,2,2,2,1
06037261200,2,2,2,2,1
06037262100,2,2,2,2,1
06037262200,2,2,2,2,1
06037262301,2,2,2,2,1
06037262302,2,2,2,2,1
06037262303,2,2,2,2,1
06037262400,2,2,2,2,1
06037262501,2,2,2,2,1
06037262601,2,2,2,2,1
06037262604,2,2,2,2,1
06037262704,2,2,2,2,1
06037262706,2,2,2,2,1
06037262802,2,2,2,2,1
06037264000,2,2,2,2,1
06037264102,2,2,2,2,1
06037264103,2,2,2,2,1
06037264301,2,2,2,2,1
06037264302,2,2,2,2,1
06037265100,2,2,2,2,1
06037265201,2,2,2,2,1
06037265202,2,2,2,2,1
06037265303,2,2,4,4,0
06037265304,2,2,4,4,0
06037265305,2,2,4,4,0
06037265410,2,2,2,2,1
06037265420,2,2,2,2,1
06037265510,2,2,2,2,1
06037265520,2,2,2,2,1
06037265601,2,2,2,2,1
06037265602,2,2,2,2,1
06037265700,2,2,2,2,1
06037267100,2,2,2,2,1
06037267200,2,2,2,2,1
06037267300,4,4,4,4,1
06037267402,2,2,2,2,1
06037267403,2,2,2,2,1
06037267404,2,2,2,2,1
06037267501,4,2,4,2,2
06037267502,4,2,2,2,0
06037267600,4,2,2,2,0
06037267700,4,4,4,2,0
06037267800,2,2,2,2,1
06037267901,2,2,2,2,1
06037267902,2,2,2,2,1
06037269000,2,2,2,2,1
06037269100,2,2,2,2,1
06037269300,2,2,2,2,1
06037269500,2,2,2,2,1
06037269601,0,0,4,4,0
06037269602,0,0,4,4,0
06037269700,3,3,4,3,2
06037269800,2,2,4,2,2
06037269903,2,2,4,4,0
06037269904,2,2,2,4,0
06037269906,2,4,4,4,0
06037269907,2,4,4,2,2
06037270100,4,4,4,4,1
06037270200,4,4,4,4,1
06037270300,0,0,0,3,0
06037271100,2,2,2,2,1
06037271200,3,2,2,4,2
06037271300,3,2,2,2,0
06037271400,3,2,2,2,0
06037271500,2,2,2,2,1
06037271600,2,2,2,2,1
06037271701,2,2,2,2,1
06037271702,2,2,2,4,0
06037271801,4,2,4,4,2
06037271802,4,4,4,4,1
06037271901,2,2,2,2,1
06037271902,2,2,2,2,1
06037272100,3,2,2,2,0
06037272201,4,4,4,2,0
06037272202,4,4,4,4,1
06037272301,3,2,3,2,2
06037272302,4,4,4,4,1
06037273100,3,2,2,2,0
06037273200,4,4,4,2,0
06037273300,4,4,4,2,0
06037273402,2,2,2,2,1
06037273502,2,2,2,2,1
06037273600,3,2,2,2,0
06037273700,3,3,2,2,0
06037273800,3,2,2,2,0
06037273902,2,2,2,2,1
06037274100,2,2,2,2,1
06037274202,2,2,2,2,1
06037275101,4,4,4,3,0
06037275102,4,4,4,4,1
06037275200,4,4,4,4,1
06037275302,2,2,2,2,1
06037275311,3,3,3,2,0
06037275400,3,3,3,2,0
06037275500,1,1,1,4,0
06037275602,4,3,3,2,2
06037275603,4,3,3,3,0
06037276000,3,2,2,2,0
06037276100,2,2,2,0,0
06037276400,3,2,2,2,0
06037276500,2,2,2,2,1
06037276601,2,2,2,2,1
06037276603,2,2,2,2,1
06037276604,2,2,2,2,1
06037277000,3,2,2,2,0
06037277100,3,3,3,3,3
06037277200,4,4,4,4,1
06037277400,3,4,0,0,2
06037278001,2,2,3,2,2
06037278102,2,2,2,2,1
06037291110,1,1,0,0,0
06037291120,1,1,1,1,1
06037291130,1,1,3,1,2
06037291210,3,4,1,1,2
06037291220,3,4,1,1,2
06037291300,3,3,3,3,3
06037292000,1,4,4,1,2
06037293201,4,4,4,1,0
06037293202,1,1,1,1,1
06037293301,3,3,3,3,3
06037293302,3,3,3,3,3
06037293304,3,4,4,4,0
06037293306,3,4,3,3,2
06037293307,3,4,3,4,2
06037294110,1,1,1,1,1
06037294120,1,1,1,1,1
06037294200,1,1,1,3,0
06037294301,1,1,1,3,0
06037294302,1,1,1,1,1
06037294410,1,1,4,3,2
06037294421,1,1,1,4,0
06037294510,1,1,1,1,1
06037294520,1,1,1,1,1
06037294610,1,1,1,1,1
06037294620,1,1,1,1,1
06037294701,1,1,1,1,1
06037294810,1,1,1,1,1
06037294820,1,1,1,1,1
06037294830,1,1,1,1,1
06037294900,1,1,1,1,1
06037295103,3,3,2,3,2
06037296210,1,1,1,1,1
06037296220,1,1,1,4,0
06037296300,4,3,3,3,0
06037296401,3,3,3,2,0
06037296402,3,3,3,3,3
06037296500,1,1,4,4,0
06037296600,1,4,4,1,2
06037296901,4,4,4,4,1
06037296902,4,4,4,4,1
06037297000,3,2,2,2,0
06037297110,4,4,4,0,0
06037297120,4,4,4,4,1
06037297201,4,3,3,4,2
06037297202,4,3,3,3,0
06037297300,3,3,3,3,3
06037297400,3,2,2,2,0
06037297500,3,3,2,3,2
06037297601,2,2,3,3,0
06037297602,2,2,3,3,0
06037300100,3,3,3,3,3
06037300200,3,3,3,3,3
06037300301,3,3,3,3,3
06037300400,3,3,3,3,3
06037300501,3,2,3,3,2
06037300502,3,2,2,4,2
06037300600,2,2,2,2,1
06037300701,2,2,2,2,1
06037300702,2,2,2,2,1
06037300800,2,2,2,3,0
06037300901,2,2,2,2,1
06037300902,2,2,2,3,0
06037301000,2,2,2,2,1
06037301100,2,2,2,2,1
06037301203,2,2,2,2,1
06037301204,2,2,4,4,0
06037301205,3,2,3,3,2
06037301206,3,2,3,4,2
06037301300,2,2,2,2,1
06037301400,3,2,2,2,0
06037301501,3,4,3,2,2
06037301502,3,4,4,4,0
06037301601,4,4,4,4,1
06037301602,4,4,4,4,1
06037301701,3,4,3,2,2
06037301702,3,4,4,4,0
06037301801,4,4,4,4,1
06037301802,4,4,4,4,1
06037301900,2,2,4,4,0
06037302002,2,2,4,4,0
06037302003,2,4,4,4,0
06037302004,2,4,4,4,0
06037302102,2,4,4,4,0
06037302103,4,4,4,4,1
06037302104,4,4,4,4,1
06037302201,4,4,4,4,1
06037302202,4,4,4,4,1
06037302301,4,4,4,4,1
06037302302,4,4,4,4,1
06037302401,4,4,4,4,1
06037302503,4,4,4,4,1
06037302504,4,4,4,4,1
06037302505,4,4,4,4,1
06037302506,4,4,4,3,0
06037310100,3,3,2,2,0
06037310201,3,2,3,3,2
06037310202,3,2,3,2,2
06037310300,3,3,3,2,0
06037310400,3,3,3,3,3
06037310501,1,1,1,4,0
06037310601,3,3,4,3,2
06037310602,3,3,4,2,2
06037310701,4,4,4,2,0
06037310702,4,4,4,4,1
06037310703,4,4,4,4,1
06037310800,3,3,3,3,3
06037310900,3,3,3,3,3
06037311000,3,3,3,3,3
06037311100,3,3,3,3,3
06037311200,3,3,3,3,3
06037311300,3,3,3,3,3
06037311400,3,3,3,2,0
06037311500,3,2,2,3,2
06037311600,2,2,2,2,1
06037311700,3,2,2,2,0
06037311801,4,4,4,4,1
06037311802,4,4,4,4,1
06037320100,3,1,1,1,0
06037320201,1,1,1,1,1
06037320202,1,1,1,1,1
06037320300,1,1,1,1,1
06037400204,3,3,3,3,3
06037400205,3,3,2,2,0
06037400206,3,3,3,2,0
06037400207,3,3,3,3,3
06037400302,3,3,3,3,3
06037400304,3,3,3,3,3
06037400402,3,3,3,3,3
06037400403,3,3,3,3,3
06037400404,3,3,3,3,3
06037400501,3,3,3,2,0
06037400603,3,3,3,3,3
06037400604,3,3,4,3,2
06037400800,3,2,2,2,0
06037400900,3,3,3,3,3
06037401001,3,3,3,3,3
06037401002,3,3,3,3,3
06037401101,3,3,3,3,3
06037401102,3,3,3,3,3
06037401201,3,3,3,3,3
06037401202,3,3,3,3,3
06037401203,3,3,3,3,3
06037401303,3,3,3,3,3
06037401304,3,3,3,3,3
06037401311,3,3,3,3,3
06037401312,3,3,3,3,3
06037401500,3,3,3,3,3
06037401601,3,3,3,3,3
06037401602,3,3,3,3,3
06037401603,3,3,3,3,3
06037401701,3,3,2,2,0
06037401703,3,3,4,4,0
06037401704,3,3,3,3,3
06037401800,3,3,3,2,0
06037401902,2,2,2,2,1
06037402001,3,3,3,1,0
06037402002,3,3,3,3,3
06037402101,0,1,1,1,0
06037402102,3,3,3,0,0
06037402200,3,3,3,3,3
06037402301,1,1,1,1,1
06037402303,4,1,1,1,0
06037402304,4,1,1,1,0
06037402402,3,4,4,4,0
06037402403,1,3,3,3,0
06037402405,0,1,1,1,0
06037402406,0,1,1,1,0
06037402501,1,1,1,1,1
06037402502,1,1,1,1,1
06037402600,3,3,1,1,0
06037402702,3,1,1,1,0
06037402703,3,3,1,1,0
06037402705,3,3,3,3,3
06037402706,3,3,3,1,0
06037402801,1,1,1,1,1
06037402803,1,1,1,1,1
06037402804,1,1,1,1,1
06037402902,1,1,1,1,1
06037402903,1,1,1,1,1
06037402904,1,1,1,1,1
06037403000,1,1,1,1,1
06037403303,3,3,3,3,3
06037403312,3,3,3,3,3
06037403316,3,3,3,3,3
06037403317,3,3,3,3,3
06037403318,3,3,3,3,3
06037403319,2,3,3,3,0
06037403320,2,3,3,3,0
06037403321,2,3,3,3,0
06037403322,3,3,3,3,3
06037403323,3,3,3,3,3
06037403325,3,3,3,3,3
06037403401,3,3,3,3,3
06037403402,3,3,3,3,3
06037403403,3,3,3,3,3
06037403404,3,3,3,3,3
06037403405,3,3,3,3,3
06037403406,3,3,3,3,3
06037403407,3,3,3,3,3
06037403408,3,3,3,3,3
06037403500,3,2,3,3,2
06037403600,3,3,3,3,3
06037403702,3,3,3,3,3
06037403703,3,3,3,3,3
06037403721,3,3,3,3,3
06037403722,3,3,3,4,0
06037403801,3,3,3,3,3
06037403802,3,3,3,3,3
06037403901,3,3,3,3,3
06037403902,3,3,3,3,3
06037404000,3,3,3,3,3
06037404100,3,1,1,1,0
06037404201,4,4,1,1,0
06037404202,4,4,1,4,2
06037404301,1,1,1,1,1
06037404302,1,1,1,1,1
06037404401,1,1,1,1,1
06037404402,1,1,1,1,1
06037404501,1,1,1,1,1
06037404503,1,1,1,3,0
06037404504,1,1,1,1,1
06037404600,1,1,1,1,1
06037404701,1,1,1,1,1
06037404702,1,1,1,1,1
06037404703,1,1,1,1,1
06037404801,1,1,1,1,1
06037404802,1,1,1,1,1
06037404803,1,1,1,1,1
06037404901,1,1,1,1,1
06037404902,1,1,1,1,1
06037404903,1,1,1,1,1
06037405001,1,1,1,1,1
06037405002,1,1,1,1,1
06037405101,1,1,1,1,1
06037405102,1,1,1,1,1
06037405201,1,1,1,1,1
06037405202,1,1,1,1,1
06037405203,1,1,1,1,1
06037405301,3,3,3,4,0
06037405302,3,3,3,3,3
06037405400,3,3,3,3,3
06037405500,3,3,3,3,3
06037405600,3,3,3,3,3
06037405701,3,3,3,3,3
06037405702,3,3,3,3,3
06037405800,3,3,3,3,3
06037405900,3,3,3,3,3
06037406000,3,3,3,3,3
06037406101,3,3,3,3,3
06037406102,3,3,3,3,3
06037406200,3,3,3,4,0
06037406300,2,2,3,3,0
06037406402,3,3,3,3,3
06037406411,3,3,3,3,3
06037406412,3,3,3,3,3
06037406500,3,3,3,3,3
06037406601,3,3,3,3,3
06037406602,3,3,3,3,3
06037406701,3,3,3,3,3
06037406702,3,3,3,1,0
06037406800,3,3,3,3,3
06037406901,3,1,1,1,0
06037406902,3,1,1,1,0
06037407002,1,1,1,1,1
06037407101,1,1,1,1,1
06037407102,1,1,1,1,1
06037407200,1,1,1,1,1
06037407301,1,1,1,3,0
06037407302,1,1,1,1,1
06037407400,3,3,3,3,3
06037407501,1,1,1,1,1
06037407502,1,1,1,1,1
06037407601,1,1,1,1,1
06037407602,1,1,1,1,1
06037407701,1,1,1,1,1
06037407702,1,1,1,3,0
06037407801,3,3,1,3,2
06037407802,3,3,1,1,0
06037407900,3,3,3,3,3
06037408003,3,3,3,3,3
06037408004,3,3,3,3,3
06037408133,4,3,4,4,2
06037408134,4,3,3,3,0
06037408135,4,3,3,3,0
06037408136,3,3,3,3,3
06037408137,3,3,3,4,0
06037408138,1,1,1,1,1
06037408139,1,1,1,1,1
06037408140,1,1,1,1,1
06037408141,1,1,1,1,1
06037408202,1,1,1,1,1
06037408211,3,3,4,4,0
06037408212,3,3,3,3,3
06037408301,1,1,1,1,1
06037408302,3,3,3,3,3
06037408303,3,3,3,3,3
06037408401,3,3,3,3,3
06037408402,3,3,3,3,3
06037408501,1,1,1,3,0
06037408503,3,3,3,3,3
06037408504,4,3,3,3,0
06037408505,4,3,3,3,0
06037408623,3,3,3,3,3
06037408624,3,3,3,3,3
06037408625,3,3,3,3,3
06037408626,4,4,4,4,1
06037408627,4,3,3,3,0
06037408628,4,3,3,3,0
06037408629,4,3,3,3,0
06037408630,3,3,3,3,3
06037408631,3,3,3,3,3
06037408703,3,3,3,3,3
06037408704,3,3,3,4,0
06037408705,3,3,3,3,3
06037408706,3,3,3,3,3
06037408722,3,3,3,3,3
06037408723,3,4,4,3,2
06037408724,3,4,4,4,0
06037408800,4,1,1,1,0
06037430002,3,3,3,3,3
06037430003,3,3,3,3,3
06037430101,3,3,3,3,3
06037430102,1,1,1,3,0
06037430200,3,2,2,2,0
06037430301,3,3,3,2,0
06037430302,3,3,3,3,3
06037430400,2,2,3,3,0
06037430501,2,2,2,2,1
06037430502,2,2,2,2,1
06037430600,2,2,2,2,1
06037430701,2,2,2,2,1
06037430721,2,2,2,2,1
06037430723,2,2,4,4,0
06037430724,2,2,4,4,0
06037430801,3,4,4,3,2
06037430802,3,3,3,3,3
06037430803,3,2,3,3,2
06037430901,3,3,3,3,3
06037430902,3,3,3,3,3
06037431001,3,3,3,4,0
06037431002,3,2,3,3,2
06037431100,0,1,1,3,2
06037431200,1,1,1,1,1
06037431400,3,3,3,3,3
06037431501,3,3,3,3,3
06037431502,3,3,3,3,3
06037431600,3,2,3,2,2
06037431700,3,2,2,2,0
06037431800,3,3,3,4,0
06037431900,3,2,3,4,2
06037432000,3,3,3,3,3
06037432101,3,3,3,3,3
06037432102,3,3,3,3,3
06037432201,3,3,3,4,0
06037432202,3,3,3,3,3
06037432300,3,3,3,3,3
06037432401,1,1,1,4,0
06037432402,1,1,1,1,1
06037432500,3,3,3,3,3
06037432601,3,1,1,3,2
06037432602,3,1,1,3,2
06037432700,1,1,1,1,1
06037432801,1,1,1,4,0
06037432802,1,1,1,4,0
06037432901,3,3,4,3,2
06037432902,3,3,3,3,3
06037433101,1,1,1,3,0
06037433102,1,1,1,4,0
06037433200,1,1,1,1,1
06037433401,1,1,1,1,1
06037433402,1,1,1,1,1
06037433403,1,1,1,1,1
06037433501,1,1,1,1,1
06037433503,1,1,1,1,1
06037433504,1,1,1,1,1
06037433601,1,3,3,4,2
06037433602,1,1,3,4,2
06037433700,1,1,1,1,1
06037433901,1,1,1,1,1
06037433902,1,1,1,1,1
06037434001,1,1,1,1,1
06037434003,1,1,1,1,1
06037434004,1,1,1,3,0
06037460000,3,2,2,2,0
06037460100,2,2,2,2,1
06037460200,3,3,3,3,3
06037460301,0,0,3,3,0
06037460302,0,0,0,0,1
06037460401,3,3,3,3,3
06037460501,2,2,2,2,1
06037460502,3,2,2,2,0
06037460600,2,2,2,2,1
06037460700,2,2,2,2,1
06037460800,2,2,2,2,1
06037460900,0,0,0,0,1
06037461000,0,0,0,0,1
06037461100,0,0,0,3,0
06037461200,3,2,2,2,0
06037461300,3,3,3,2,0
06037461400,3,2,2,2,0
06037461501,0,0,0,3,0
06037461502,0,0,0,1,0
06037461600,0,0,0,0,1
06037461700,2,2,2,2,1
06037461901,4,4,4,4,1
06037461902,4,4,4,4,1
06037462001,0,0,1,4,2
06037462002,0,0,1,4,2
06037462100,4,4,4,4,1
06037462201,4,4,4,4,1
06037462202,4,4,4,4,1
06037462301,4,4,4,4,1
06037462302,4,4,4,4,1
06037462400,3,3,3,3,3
06037462500,3,3,3,2,0
06037462600,3,3,2,2,0
06037462700,4,3,3,2,2
06037462800,3,3,3,3,3
06037462900,3,3,3,3,3
06037463000,2,2,2,2,1
06037463101,3,3,3,3,3
06037463102,3,2,3,3,2
06037463200,2,2,2,2,1
06037463300,2,2,2,2,1
06037463400,2,2,2,2,1
06037463500,2,2,2,2,1
06037463601,2,2,2,2,1
06037463602,2,2,2,2,1
06037463700,2,2,2,2,1
06037463800,2,2,2,2,1
06037463900,2,2,2,2,1
06037464000,2,2,2,2,1
06037464100,2,2,2,2,1
06037464200,2,2,2,2,1
06037480002,3,3,3,2,0
06037480011,3,3,4,4,0
06037480012,3,3,3,3,3
06037480101,3,3,3,3,3
06037480102,3,3,3,3,3
06037480201,3,2,3,3,2
06037480202,3,2,3,3,2
06037480302,4,4,4,4,1
06037480303,4,4,4,4,1
06037480304,4,4,4,4,1
06037480400,2,2,3,3,0
06037480500,2,2,2,2,1
06037480600,2,2,2,2,1
06037480702,3,2,2,2,0
06037480703,2,2,2,2,1
06037480704,2,2,2,3,0
06037480802,3,3,3,3,3
06037480803,4,4,3,3,0
06037480804,4,4,4,4,1
06037480901,4,4,4,4,1
06037480902,4,4,4,4,1
06037480903,4,4,3,4,2
06037481001,4,4,4,4,1
06037481002,4,4,4,4,1
06037481101,4,4,4,4,1
06037481102,4,4,4,4,1
06037481103,4,4,3,3,0
06037481201,3,3,3,4,0
06037481202,3,3,3,4,0
06037481300,3,3,3,3,3
06037481401,3,4,4,4,0
06037481402,3,4,4,4,0
06037481500,3,3,3,3,3
06037481603,4,4,4,4,1
06037481604,4,4,4,4,1
06037481605,4,4,4,4,1
06037481606,4,4,4,4,1
06037481711,4,4,4,4,1
06037481712,4,4,4,4,1
06037481713,4,4,4,4,1
06037481714,4,4,4,4,1
06037481800,3,3,3,3,3
06037481901,3,3,3,3,3
06037481902,4,4,4,3,0
06037482001,3,3,3,3,3
06037482002,4,4,3,4,2
06037482101,4,4,4,4,1
06037482102,3,3,3,3,3
06037482201,4,4,4,4,1
06037482202,4,4,4,4,1
06037482301,1,4,4,4,0
06037482303,1,1,4,4,0
06037482304,1,1,1,4,0
06037482401,1,1,1,3,0
06037482402,4,3,3,3,0
06037482502,1,1,4,4,0
06037482503,1,1,4,4,0
06037482521,4,3,3,3,0
06037482522,4,4,3,3,0
06037482600,3,3,3,3,3
06037482701,3,3,3,3,3
06037482702,3,3,3,3,3
06037482800,3,3,3,3,3
06037500100,2,2,2,2,1
06037500201,3,3,3,3,3
06037500202,2,2,2,2,1
06037500300,2,3,3,3,0
06037500402,1,1,1,1,1
06037500403,1,1,3,1,2
06037500404,1,1,3,3,0
06037500500,1,3,1,3,2
06037500600,1,1,1,1,1
06037500700,1,1,1,1,1
06037500800,1,1,1,1,1
06037500900,1,1,1,1,1
06037501001,3,1,1,1,0
06037501002,3,1,1,3,2
06037501200,3,3,3,3,3
06037501300,3,3,3,3,3
06037501400,1,1,1,1,1
06037501501,2,3,3,3,0
06037501503,2,4,3,4,2
06037501504,2,4,4,4,0
06037501700,3,3,3,3,3
06037501802,4,4,3,3,0
06037501803,4,4,1,1,0
06037501804,4,4,1,4,2
06037501900,3,3,3,3,3
06037502003,1,1,1,1,1
06037502004,1,1,1,1,1
06037502005,3,3,3,3,3
06037502100,3,3,3,3,3
06037502200,3,3,3,3,3
06037502301,1,1,3,1,2
06037502302,1,1,1,1,1
06037502401,1,1,1,3,0
06037502402,1,1,1,1,1
06037502500,3,1,1,1,0
06037502601,1,1,3,1,2
06037502602,4,1,1,1,0
06037502700,1,1,1,1,1
06037502801,3,3,3,3,3
06037502802,3,3,3,4,0
06037502902,1,1,1,1,1
06037503103,1,1,1,1,1
06037503104,1,1,1,1,1
06037503105,3,3,1,1,0
06037503106,3,3,1,3,2
06037503201,3,3,3,3,3
06037503202,3,3,3,3,3
06037503301,3,3,3,3,3
06037503302,3,3,3,3,3
06037503401,3,3,3,3,3
06037503402,3,3,3,3,3
06037503501,3,3,3,3,3
06037503502,3,3,3,3,3
06037503601,3,3,3,3,3
06037503602,3,3,3,3,3
06037503701,3,3,3,3,3
06037503702,3,3,3,3,3
06037503703,3,2,3,3,2
06037503801,3,3,3,3,3
06037503802,3,3,3,3,3
06037503901,3,3,3,3,3
06037503902,3,3,3,3,3
06037504001,3,2,3,3,2
06037504002,3,3,3,3,3
06037504101,1,3,3,3,0
06037530003,3,3,3,3,3
06037530004,3,3,3,3,3
06037530005,4,3,3,3,0
06037530006,4,3,4,4,2
06037530101,1,1,1,1,1
06037530102,3,3,3,3,3
06037530202,3,3,3,3,3
06037530203,1,1,1,4,0
06037530204,1,1,1,1,1
06037530301,1,1,1,4,0
06037530302,1,1,1,1,1
06037530400,1,1,1,1,1
06037530500,1,1,1,1,1
06037530601,1,1,1,1,1
06037530602,1,1,1,1,1
06037530700,1,1,1,1,1
06037530801,1,1,1,1,1
06037530802,1,1,1,1,1
06037530901,1,1,1,1,1
06037530902,1,1,1,1,1
06037531000,1,1,1,1,1
06037531101,1,1,1,1,1
06037531102,1,1,1,1,1
06037531201,1,1,1,1,1
06037531202,1,1,1,1,1
06037531301,1,1,1,1,1
06037531302,1,1,1,1,1
06037531502,1,1,1,1,1
06037531503,1,1,1,1,1
06037531504,1,1,1,1,1
06037531602,1,1,1,1,1
06037531603,1,1,1,1,1
06037531604,1,1,1,1,1
06037531701,1,1,1,1,1
06037531702,1,1,1,1,1
06037531800,1,1,1,1,1
06037531901,1,1,1,1,1
06037531902,1,1,1,1,1
06037532001,1,1,1,1,1
06037532002,1,1,1,1,1
06037532101,1,1,1,1,1
06037532102,1,1,1,1,1
06037532200,1,1,1,1,1
06037532302,1,1,1,1,1
06037532303,1,1,1,1,1
06037532304,1,1,1,1,1
06037532500,1,1,1,1,1
06037532603,1,1,1,1,1
06037532604,1,1,1,1,1
06037532605,1,1,1,1,1
06037532606,1,1,1,1,1
06037532700,1,1,1,1,1
06037532800,1,1,1,1,1
06037532900,1,1,1,1,1
06037533103,1,1,1,1,1
06037533104,1,1,1,1,1
06037533105,1,1,1,1,1
06037533106,1,1,1,1,1
06037533107,1,1,1,1,1
06037533201,1,1,1,1,1
06037533202,1,1,1,1,1
06037533203,1,1,1,1,1
06037533300,1,1,1,1,1
06037533401,1,1,1,1,1
06037533402,1,1,1,1,1
06037533403,1,1,1,1,1
06037533501,1,1,1,1,1
06037533502,1,1,1,1,1
06037533503,1,1,1,1,1
06037533601,1,1,1,1,1
06037533602,1,1,1,1,1
06037533603,1,1,1,1,1
06037533701,1,1,1,1,1
06037533702,1,1,1,1,1
06037533703,1,1,1,1,1
06037533803,1,1,1,1,1
06037533804,1,1,1,1,1
06037533805,1,1,1,1,1
06037533806,1,1,1,1,1
06037533901,1,1,1,1,1
06037533902,1,1,1,1,1
06037534001,1,1,1,1,1
06037534002,1,1,1,1,1
06037534101,1,1,1,1,1
06037534102,1,1,1,1,1
06037534201,1,1,1,1,1
06037534202,1,1,1,1,1
06037534203,1,1,1,1,1
06037534301,1,1,1,1,1
06037534302,1,1,1,1,1
06037534403,1,1,1,1,1
06037534404,1,1,1,1,1
06037534405,1,1,1,1,1
06037534406,1,1,1,1,1
06037534501,1,1,1,1,1
06037534502,1,1,1,1,1
06037534700,1,1,1,1,1
06037534802,1,1,1,1,1
06037534803,1,1,1,1,1
06037534804,1,1,1,1,1
06037534900,1,1,1,1,1
06037535001,1,1,1,1,1
06037535002,1,1,1,1,1
06037535101,0,1,1,1,0
06037535102,0,0,0,1,0
06037535200,0,0,1,1,0
06037535300,1,1,1,1,1
06037535400,0,1,1,1,0
06037535501,1,1,1,1,1
06037535502,1,1,1,1,1
06037535503,1,1,1,1,1
06037535603,1,1,1,1,1
06037535604,1,1,1,1,1
06037535605,1,1,1,1,1
06037535606,1,1,1,1,1
06037535607,1,1,1,1,1
06037535701,1,1,1,1,1
06037535702,1,1,1,1,1
06037535802,1,1,1,1,1
06037535803,1,1,1,1,1
06037535804,1,1,1,1,1
06037535901,3,1,1,1,0
06037535902,3,1,1,1,0
06037536000,1,1,1,1,1
06037536102,3,1,3,1,2
06037536103,3,1,1,1,0
06037536104,3,1,1,1,0
06037536200,3,3,1,1,0
06037540000,1,1,1,1,1
06037540101,1,1,1,1,1
06037540102,0,1,1,1,0
06037540201,1,1,1,1,1
06037540202,1,1,1,1,1
06037540203,1,1,1,1,1
06037540300,1,1,1,1,1
06037540501,1,1,1,1,1
06037540502,1,1,1,1,1
06037540600,0,0,0,0,1
06037540700,0,0,0,0,1
06037540800,0,0,0,0,1
06037540901,0,0,0,0,1
06037540902,0,0,0,0,1
06037541001,0,0,0,0,1
06037541002,3,3,0,0,0
06037541100,0,0,0,0,1
06037541200,0,0,0,0,1
06037541300,0,0,0,0,1
06037541400,0,1,1,1,0
06037541500,1,1,1,1,1
06037541603,0,1,1,1,0
06037541604,0,1,1,1,0
06037541605,0,0,1,1,0
06037541606,0,0,1,1,0
06037541700,0,1,1,1,0
06037541801,1,1,1,1,1
06037541802,1,1,1,1,1
06037542106,0,1,1,1,0
06037542200,0,0,1,0,2
06037542401,0,0,0,0,1
06037542402,0,0,0,0,1
06037542501,0,0,0,0,1
06037542502,0,0,0,0,1
06037542601,1,1,1,1,1
06037542602,1,1,1,0,0
06037542700,0,0,0,1,0
06037542800,0,0,0,0,1
06037542900,1,1,1,1,1
06037543000,0,0,0,0,1
06037543100,0,0,0,0,1
06037543201,0,0,0,0,1
06037543202,0,0,1,1,0
06037543304,0,3,0,0,2
06037543305,0,3,3,3,0
06037543306,3,3,3,3,3
06037543321,0,3,0,3,2
06037543322,3,0,0,0,0
06037543400,1,1,3,3,0
06037543501,3,3,3,4,0
06037543502,1,3,3,4,2
06037543503,3,3,3,3,3
06037543601,4,3,3,3,0
06037543602,4,3,3,3,0
06037543603,3,3,3,3,3
06037543604,3,3,3,3,3
06037543701,1,3,3,3,0
06037543702,1,3,3,3,0
06037543703,3,3,3,3,3
06037543801,3,3,3,3,3
06037543802,3,3,4,3,2
06037543903,3,3,3,3,3
06037543905,1,1,1,1,1
06037544001,3,3,1,1,0
06037544002,3,3,1,3,2
06037550000,3,3,3,3,3
06037550100,3,3,3,1,0
06037550201,3,3,3,1,0
06037550202,3,3,3,3,3
06037550300,3,3,3,3,3
06037550400,3,3,3,3,3
06037550500,3,3,3,3,3
06037550601,3,3,3,3,3
06037550602,3,3,3,3,3
06037550700,3,3,3,3,3
06037550800,3,3,3,3,3
06037550901,3,3,4,4,0
06037550902,3,3,4,4,0
06037551000,3,3,3,3,3
06037551101,4,4,1,1,0
06037551102,4,4,1,1,0
06037551201,3,3,3,3,3
06037551202,3,3,3,3,3
06037551300,3,3,4,1,2
06037551401,3,3,3,1,0
06037551402,3,3,3,3,3
06037551501,3,3,3,3,3
06037551502,3,3,3,1,0
06037551700,3,3,1,1,0
06037551800,3,3,3,1,0
06037551900,3,3,3,1,0
06037552001,3,3,3,3,3
06037552002,3,3,3,1,0
06037552100,3,3,3,1,0
06037552200,1,1,1,1,1
06037552301,3,3,3,1,0
06037552302,3,3,3,3,3
06037552400,1,1,1,1,1
06037552601,1,1,1,1,1
06037552602,1,1,3,3,0
06037552700,3,3,1,1,0
06037552800,3,3,1,1,0
06037552900,3,3,3,3,3
06037553000,3,3,3,3,3
06037553100,3,3,3,3,3
06037553200,3,3,3,3,3
06037553300,3,3,3,3,3
06037553400,1,1,1,1,1
06037553502,1,1,1,1,1
06037553503,1,1,1,1,1
06037553504,1,1,1,1,1
06037553601,1,1,1,1,1
06037553602,1,1,1,4,0
06037553701,1,1,1,1,1
06037553702,1,1,1,1,1
06037553801,1,1,1,1,1
06037553802,1,1,1,1,1
06037553901,1,1,1,1,1
06037553902,1,1,1,1,1
06037554001,3,3,3,3,3
06037554002,3,3,3,4,0
06037554101,3,4,1,1,2
06037554103,3,4,4,3,2
06037554104,3,4,4,0,2
06037554105,3,4,4,4,0
06037554201,3,3,3,3,3
06037554203,3,3,4,3,2
06037554204,3,3,4,1,2
06037554301,3,3,1,1,0
06037554302,3,3,1,1,0
06037554403,3,3,4,4,0
06037554404,3,3,3,4,0
06037554405,3,3,3,4,0
06037554406,3,3,3,3,3
06037554511,3,3,3,3,3
06037554512,3,3,3,3,3
06037554513,3,3,3,3,3
06037554514,3,3,3,3,3
06037554515,3,3,3,3,3
06037554516,3,3,3,3,3
06037554517,3,3,3,3,3
06037554518,3,3,3,3,3
06037554519,3,3,3,3,3
06037554521,3,3,3,3,3
06037554522,3,3,3,3,3
06037554600,3,3,3,3,3
06037554700,1,1,1,1,1
06037554801,1,1,1,1,1
06037554802,3,3,3,3,3
06037554900,3,3,3,3,3
06037555001,3,3,3,3,3
06037555002,3,3,3,4,0
06037555102,4,4,4,4,1
06037555103,3,3,3,3,3
06037555104,3,3,3,3,3
06037555202,3,3,3,3,3
06037555211,1,1,1,1,1
06037555212,1,1,1,1,1
06037570001,3,3,3,3,3
06037570002,3,3,3,3,3
06037570003,3,3,3,3,3
06037570100,3,3,3,3,3
06037570202,3,3,1,1,0
06037570203,3,4,0,0,2
06037570204,3,4,1,1,2
06037570301,3,4,4,1,2
06037570303,3,4,1,1,2
06037570304,3,4,1,1,2
06037570402,0,0,0,0,1
06037570403,0,0,1,0,2
06037570404,0,0,1,1,0
06037570501,3,3,1,1,0
06037570502,3,3,1,1,0
06037570601,3,4,0,4,2
06037570602,3,4,4,4,0
06037570603,3,3,0,0,0
06037570701,3,3,3,3,3
06037570702,3,3,3,3,3
06037570800,3,3,3,3,3
06037570901,3,3,3,3,3
06037570902,3,3,3,3,3
06037571000,3,3,3,3,3
06037571101,3,3,3,3,3
06037571102,3,3,3,3,3
06037571200,3,3,3,3,3
06037571300,3,3,3,3,3
06037571400,3,3,3,3,3
06037571502,3,3,3,3,3
06037571503,3,3,3,3,3
06037571504,3,3,3,3,3
06037571600,0,0,0,0,1
06037571701,3,4,1,1,2
06037571703,3,4,4,0,2
06037571704,3,4,4,1,2
06037571800,2,2,2,2,1
06037571900,2,2,2,3,0
06037572001,3,2,3,3,2
06037572002,2,2,2,2,1
06037572100,3,3,3,3,3
06037572201,3,3,3,3,3
06037572202,3,3,3,3,3
06037572301,1,1,1,1,1
06037572302,1,1,1,1,1
06037572400,0,3,0,3,2
06037572500,4,0,0,0,0
06037572600,3,3,3,3,3
06037572700,4,3,3,3,0
06037572900,1,1,1,1,1
06037573002,4,4,0,1,2
06037573003,4,4,4,1,0
06037573004,4,4,4,4,1
06037573100,3,4,4,0,2
06037573201,0,0,1,1,0
06037573202,0,1,0,1,2
06037573300,0,0,4,4,0
06037573401,4,4,3,3,0
06037573402,4,4,4,4,1
06037573403,4,4,3,3,0
06037573601,3,3,3,3,3
06037573700,3,3,3,3,3
06037573800,3,3,3,3,3
06037573902,2,2,2,3,0
06037574100,3,3,3,3,3
06037574201,3,3,3,3,3
06037574202,3,3,3,3,3
06037574300,3,3,3,3,3
06037574400,3,3,3,3,3
06037574500,3,3,3,3,3
06037574602,2,2,2,2,1
06037574800,2,2,2,2,1
06037574901,3,3,3,3,3
06037574902,4,2,4,4,2
06037575001,3,2,3,4,2
06037575002,2,2,3,3,0
06037575101,4,4,4,4,1
06037575102,4,4,4,1,0
06037575103,4,4,4,4,1
06037575201,0,4,4,1,2
06037575202,0,4,1,1,2
06037575300,4,4,4,1,0
06037575401,1,1,1,1,1
06037575402,1,1,1,1,1
06037575801,4,4,1,1,0
06037575802,4,4,1,4,2
06037575803,4,4,4,4,1
06037575901,4,4,4,4,1
06037575902,4,4,4,4,1
06037576001,4,2,2,2,0
06037576200,4,4,4,4,1
06037576301,4,4,4,4,1
06037576302,4,4,4,4,1
06037576401,4,4,4,1,0
06037576402,4,4,1,1,0
06037576403,4,4,1,1,0
06037576501,4,4,4,4,1
06037576502,4,4,4,4,1
06037576503,4,4,4,4,1
06037576601,2,2,4,4,0
06037576602,2,2,2,2,1
06037576700,2,2,2,2,1
06037576801,2,2,4,4,0
06037576802,2,2,4,2,2
06037576901,4,4,4,4,1
06037576903,4,4,4,4,1
06037576904,4,4,4,4,1
06037577000,2,2,4,4,0
06037577100,2,2,2,2,1
06037577200,2,2,2,2,1
06037577300,2,2,2,2,1
06037577400,2,2,2,2,1
06037577501,2,2,2,2,1
06037577504,2,2,2,2,1
06037577602,2,2,2,2,1
06037577603,2,2,2,2,1
06037577604,2,2,2,2,1
06037599000,2,2,2,4,0
06037600100,0,0,0,0,1
06037600201,0,0,0,0,1
06037600202,0,0,0,0,1
06037600302,0,0,0,0,1
06037600303,0,0,0,0,1
06037600304,0,0,0,0,1
06037600400,0,0,0,0,1
06037600501,0,0,0,0,1
06037600502,0,0,0,0,1
06037600601,0,0,0,0,1
06037600602,0,0,0,1,0
06037600702,0,0,0,0,1
06037600703,3,0,0,0,0
06037600704,3,0,0,0,0
06037600801,0,0,0,0,1
06037600802,0,0,0,0,1
06037600902,4,0,0,0,0
06037600911,0,0,0,0,1
06037600912,0,1,1,1,0
06037601001,4,2,0,0,2
06037601002,4,0,0,0,0
06037601100,4,0,0,0,0
06037601202,1,1,1,1,1
06037601211,4,0,0,0,0
06037601212,4,4,1,1,0
06037601301,3,3,0,0,0
06037601302,4,0,0,0,0
06037601303,4,0,0,0,0
06037601401,4,4,0,0,0
06037601402,3,1,1,1,0
06037601501,1,1,1,1,1
06037601502,1,1,1,1,1
06037601600,1,1,1,1,1
06037601700,1,1,1,1,1
06037601801,1,1,1,1,1
06037601802,1,1,1,1,1
06037601900,0,1,1,1,0
06037602002,1,1,1,1,1
06037602003,0,0,1,1,0
06037602004,0,0,0,1,0
06037602103,4,4,4,4,1
06037602104,4,4,4,4,1
06037602105,4,4,4,4,1
06037602106,4,4,4,4,1
06037602200,3,3,3,3,3
06037602301,3,3,3,3,3
06037602302,3,3,3,3,3
06037602402,3,3,3,3,3
06037602403,4,4,4,4,1
06037602404,4,4,4,4,1
06037602504,4,4,4,0,0
06037602505,4,4,4,4,1
06037602506,4,4,0,4,2
06037602507,4,4,0,0,0
06037602508,4,4,0,4,2
06037602509,4,4,0,4,2
06037602600,0,0,0,0,1
06037602700,0,0,0,0,1
06037602801,0,0,0,1,0
06037602802,0,0,0,0,1
06037602900,3,1,1,1,0
06037603001,4,4,4,4,1
06037603004,4,4,4,4,1
06037603005,4,4,4,4,1
06037603006,4,4,4,3,0
06037603101,4,4,4,4,1
06037603102,4,4,4,4,1
06037603200,3,3,3,3,3
06037603301,4,3,4,3,2
06037603302,4,3,3,4,2
06037603400,3,3,3,3,3
06037603500,3,3,3,3,3
06037603600,3,3,3,3,3
06037603702,3,3,3,3,3
06037603703,1,4,3,3,2
06037603704,1,4,4,4,0
06037603801,4,4,4,4,1
06037603802,4,4,4,1,0
06037603900,3,3,3,3,3
06037604001,3,3,4,1,2
06037604002,3,3,4,4,0
06037604100,3,3,1,1,0
06037609900,3,3,3,3,3
06037620001,3,2,2,2,0
06037620002,3,2,2,3,2
06037620101,2,2,3,3,0
06037620102,2,2,2,2,1
06037620201,2,2,2,2,1
06037620301,2,2,2,2,1
06037620303,2,2,2,2,1
06037620305,2,2,2,2,1
06037620400,3,2,2,2,0
06037620501,3,3,3,3,3
06037620521,3,3,3,3,3
06037620522,3,3,3,2,0
06037620601,4,3,3,3,0
06037620602,3,3,3,3,3
06037620701,3,2,2,2,0
06037620702,3,3,3,3,3
06037620800,3,2,2,2,0
06037620901,2,2,2,2,1
06037620904,2,2,2,2,1
06037621001,2,2,2,2,1
06037621002,2,2,2,2,1
06037621004,2,2,2,2,1
06037621102,2,2,2,2,1
06037621104,2,2,2,2,1
06037621201,3,2,2,2,0
06037621204,2,2,2,2,1
06037621301,2,2,2,2,1
06037621324,2,2,2,2,1
06037621326,2,2,2,2,1
06037621400,2,2,2,2,1
06037650001,3,3,3,3,3
06037650003,3,3,4,4,0
06037650004,3,3,4,3,2
06037650101,3,3,3,3,3
06037650102,3,3,3,3,3
06037650200,3,3,3,3,3
06037650300,3,3,3,3,3
06037650401,3,3,3,3,3
06037650501,3,3,3,3,3
06037650502,3,3,3,3,3
06037650602,2,2,4,4,0
06037650603,3,3,3,3,3
06037650604,2,2,4,4,0
06037650605,2,2,4,2,2
06037650701,3,3,3,2,0
06037650702,3,3,3,3,3
06037650800,2,2,3,3,0
06037650901,3,3,3,3,3
06037650902,3,3,3,3,3
06037651001,3,3,3,3,3
06037651002,3,3,3,2,0
06037651101,3,2,2,3,2
06037651102,3,2,2,2,0
06037651201,3,3,3,3,3
06037651221,2,2,2,2,1
06037651222,2,2,3,2,2
06037651302,3,2,2,2,0
06037651304,2,2,2,2,1
06037651401,3,3,3,2,0
06037651402,3,3,3,3,3
06037670001,3,3,3,3,3
06037670002,3,3,3,3,3
06037670003,3,3,3,3,3
06037670100,3,3,3,3,3
06037670201,2,2,2,2,1
06037670202,2,2,2,2,1
06037670324,2,2,2,2,1
06037670326,2,2,2,2,1
06037670328,2,2,2,2,1
06037670403,2,2,2,2,1
06037670405,2,2,2,2,1
06037670406,2,2,2,2,1
06037670407,2,2,2,3,0
06037670411,3,2,2,2,0
06037670413,2,2,2,2,1
06037670416,2,2,2,2,1
06037670500,2,2,2,2,1
06037670602,2,2,2,2,1
06037670701,3,3,3,3,3
06037670702,2,2,2,2,1
06037700101,4,2,2,2,0
06037700102,4,2,2,2,0
06037700200,2,2,2,2,1
06037700300,2,2,2,2,1
06037700400,2,2,2,2,1
06037700501,2,2,2,2,1
06037700502,2,2,2,2,1
06037700600,2,2,2,2,1
06037700700,2,2,2,2,1
06037700801,2,2,2,2,1
06037700802,2,2,2,2,1
06037700901,2,2,2,2,1
06037700902,2,2,2,2,1
06037701000,2,2,2,2,1
06037701201,2,2,2,2,1
06037701202,2,2,2,2,1
06037701302,2,2,2,2,1
06037701304,2,2,2,2,1
06037701402,2,2,2,2,1
06037701501,2,2,2,2,1
06037701502,2,2,2,2,1
06037701601,2,2,2,2,1
06037701602,2,2,2,2,1
06037701701,2,2,2,2,1
06037701702,4,2,2,2,0
06037701801,4,4,4,4,1
06037701802,4,4,4,4,1
06037701902,2,2,2,2,1
06037702002,2,2,2,2,1
06037702102,2,2,2,2,1
06037702201,2,2,2,2,1
06037702202,2,2,2,2,1
06037702300,2,2,2,2,1
06037702400,4,3,3,2,2
06037702502,2,2,2,2,1
06037702600,3,3,2,3,2
06037702700,3,3,3,2,0
06037702801,4,2,3,2,2
06037702802,3,2,3,2,2
06037702803,4,3,3,3,0
06037702901,2,2,2,2,1
06037703001,3,2,2,2,0
06037703002,2,2,2,0,0
06037703100,3,0,0,0,0
06037703200,0,0,0,0,1
06037800101,2,2,2,2,1
06037800102,2,2,2,2,1
06037800202,2,2,2,2,1
06037800203,2,2,2,2,1
06037800204,2,2,2,2,1
06037800324,2,3,3,3,0
06037800325,2,2,2,2,1
06037800326,2,2,2,2,1
06037800327,2,2,3,2,2
06037800328,2,2,3,3,0
06037800329,2,2,2,3,0
06037800330,2,2,2,2,1
06037800331,2,3,3,3,0
06037800332,2,3,3,2,2
06037800406,2,2,2,2,1
06037800408,2,2,2,2,1
06037800410,2,2,2,2,1
06037800504,2,2,2,2,1
06037800506,2,2,2,2,1
06037900102,4,3,0,0,2
06037900103,4,3,3,1,2
06037900104,4,3,3,3,0
06037900201,3,3,0,2,2
06037900300,3,3,3,3,3
06037900602,3,3,0,0,0
06037900605,3,3,0,3,2
06037900606,3,3,0,0,0
06037900607,3,3,0,0,0
06037900608,3,3,3,0,0
06037900609,3,3,3,1,0
06037900701,3,3,3,0,0
06037900703,3,4,4,4,0
06037900704,3,4,4,4,0
06037900705,3,4,2,4,2
06037900803,3,3,3,3,3
06037900804,3,3,0,0,0
06037900805,3,3,3,3,3
06037900806,3,3,0,0,0
06037900900,2,3,3,3,0
06037901004,3,3,3,3,3
06037901007,3,3,3,3,3
06037901008,3,3,3,3,3
06037901009,3,3,3,3,3
06037901010,3,3,3,3,3
06037901011,3,3,3,3,3
06037901101,3,3,3,3,3
06037901102,3,3,3,3,3
06037901205,2,3,3,3,0
06037901209,4,3,2,2,2
06037901210,4,3,3,3,0
06037901213,2,3,3,3,0
06037910001,0,3,3,3,0
06037910002,0,3,3,3,0
06037910101,3,3,1,0,2
06037910201,3,3,3,1,0
06037910202,3,3,3,3,3
06037910205,3,3,3,3,3
06037910206,3,3,3,3,3
06037910207,3,3,3,3,3
06037910208,3,3,3,3,3
06037910209,3,3,3,3,3
06037910210,3,3,3,3,3
06037910301,3,3,3,3,3
06037910302,3,3,3,3,3
06037910401,3,4,3,3,2
06037910402,3,4,4,0,2
06037910403,3,4,4,1,2
06037910404,3,4,3,1,2
06037910502,3,4,0,0,2
06037910504,3,4,3,1,2
06037910505,3,4,3,4,2
06037910601,3,3,0,0,0
06037910602,3,3,4,0,2
06037910603,3,3,3,3,3
06037910605,3,3,3,1,0
06037910606,3,3,3,0,0
06037910705,3,3,3,1,0
06037910706,3,3,3,1,0
06037910707,3,3,4,1,2
06037910709,3,3,3,3,3
06037910711,3,3,3,1,0
06037910712,3,3,3,1,0
06037910713,3,3,3,1,0
06037910714,3,3,3,1,0
06037910715,3,3,3,1,0
06037910716,3,3,3,3,3
06037910804,3,3,3,3,3
06037910805,3,3,3,3,3
06037910807,3,3,3,3,3
06037910808,3,3,3,3,3
06037910809,3,3,3,2,0
06037910810,3,3,3,3,3
06037910811,3,3,3,3,3
06037910812,3,3,3,3,3
06037910813,3,3,3,3,3
06037911001,2,3,2,3,2
06037920011,3,3,2,0,2
06037920012,3,3,3,3,3
06037920013,3,3,3,3,3
06037920015,3,3,3,3,3
06037920016,3,3,3,3,3
06037920017,3,3,3,3,3
06037920018,3,3,3,3,3
06037920020,3,3,3,3,3
06037920023,3,3,3,3,3
06037920026,3,3,3,3,3
06037920028,3,3,3,3,3
06037920029,3,3,3,3,3
06037920030,3,3,3,3,3
06037920031,3,3,2,3,2
06037920032,3,3,3,3,3
06037920033,3,3,3,3,3
06037920034,3,3,3,3,3
06037920035,3,3,3,3,3
06037920036,3,3,3,1,0
06037920037,2,3,4,4,2
06037920038,2,3,3,4,2
06037920039,2,3,3,3,0
06037920040,2,3,3,3,0
06037920041,2,3,3,3,0
06037920042,2,3,2,3,2
06037920043,2,3,2,3,2
06037920044,3,3,3,3,3
06037920045,3,3,3,3,3
06037920102,3,3,3,3,3
06037920104,3,3,3,3,3
06037920106,3,3,3,1,0
06037920107,3,3,3,3,3
06037920109,3,3,3,2,0
06037920110,3,3,3,3,3
06037920111,3,3,3,3,3
06037920112,3,3,3,3,3
06037920114,3,3,3,3,3
06037920115,3,3,3,3,3
06037920116,4,3,3,3,0
06037920118,4,3,3,3,0
06037920119,4,3,3,3,0
06037920303,2,2,3,2,2
06037920312,3,2,2,3,2
06037920313,3,3,3,3,3
06037920314,3,3,3,3,3
06037920322,3,3,3,3,3
06037920326,2,2,3,3,0
06037920328,2,2,2,2,1
06037920329,3,3,3,3,3
06037920330,2,2,2,3,0
06037920331,3,3,3,3,3
06037920332,3,3,3,3,3
06037920334,2,2,3,3,0
06037920336,3,3,4,1,2
06037920337,3,3,4,4,0
06037920338,2,2,3,3,0
06037920339,2,2,3,3,0
06037930101,3,3,2,2,0
06037930200,3,3,2,4,2
06037930301,3,3,2,2,0
06037980019,2,2,2,2,1
06037980024,3,2,3,2,2
06037980026,3,3,3,3,3
